name,objective value,method,time,idealized_time,nodes,DCs,useless DCs,INGCs,sibling_node_pruning,smart_dc_verification,solve_cvp_globally,Nr_total_CVPs,Nodes_pruned,sibling_nodes_pruned,cb_time,node_info_time,modify_cut_list_time,subproblems_time,ll_model_time,ll_modify_time,ll_solve_time,scoop_model_time,scoop_modify_time,scoop_solve_time,cgp_model_time,cgp_solve_time,cvp_model_time,cvp_modify_time,cvp_solve_time,ref_time,time_without_ref,snp_time,rel_mip_gap,total_time_CVPs,idealized_time_CVPs,total_nr_iter_adversarial,nr_refinements,best_upper_bound,nr_UL_vars,nr_LL_vars,nr_UL_cnstrs,nr_LL_cnstrs,min_UL_obj_coeff,max_UL_obj_coeff,min_LL_obj_coeff,max_LL_obj_coeff,Q_eig_min,Q_eig_max,P_eig_min,P_eig_max,nr_bf_sets_recycled
miblp_20_15_50_0110_10_1,-340,DC_FR,5.66062474250793,4.50908994674683,132,7,0,0,False,False,True,777,17,0,5.47433853149414,0.0805215835571289,0.00156903266906738,5.18938827514648,0.00956487655639648,0.0575273036956787,1.66924452781677,0.00861668586730957,0,0,0.126222133636475,0.100820541381836,0.107003450393677,1.63185834884644,1.4785304069519,0,5.66062474250793,0,0,1.47280812263489,0.321273326873779,37,0,-340,5,10,0,20,-41,49,-44,22,0.0547533306554876,53.2503957461498,0.0127500919303864,103.735490099956,0
miblp_20_15_50_0110_10_1,-340,DC+Scoop_min,4.37442350387573,3.75982618331909,126,4,0,0,False,False,True,609,18,0,4.17549538612366,0.0662453174591064,0.000901222229003906,4.02574706077576,0.00818657875061035,0.0449404716491699,1.32702016830444,0.00681877136230469,0.0927598476409912,1.41557264328003,0.084996223449707,0.0631296634674072,0.111574649810791,0.152474403381348,0.718273639678955,0,4.37442350387573,0,0,0.714351892471314,0.0997545719146729,29,0,-340,5,10,0,20,-41,49,-44,22,0.0547533306554876,53.2503957461498,0.0127500919303864,103.735490099956,0
miblp_20_15_50_0110_10_1,-340,INGC,2.28997659683228,2.28997659683228,120,0,0,29,False,False,True,0,0,0,2.24393081665039,0.0961995124816895,0.00217962265014648,2.06954216957092,0.00901150703430176,0.06201171875,1.99851894378662,0,0,0,0,0,0,0,0,0,2.28997659683228,0,0,0,0,0,0,-340,5,10,0,20,-41,49,-44,22,0.0547533306554876,53.2503957461498,0.0127500919303864,103.735490099956,0
miblp_20_15_50_0110_10_10,-196,DC_FR,80.3321905136108,59.4701411724091,790,140,0,0,False,False,True,14385,203,0,79.9890441894531,1.04630661010742,0.0354952812194824,73.4070298671722,0.00928044319152832,0.66343879699707,16.235937833786,0.00846195220947266,0,0,2.16148090362549,1.83187437057495,0.107753992080688,28.9924387931824,23.3963627815247,0,80.3321905136108,0,0,23.2847023010254,2.42265295982361,685,0,-196,5,10,0,20,-28,49,-18,49,0.204548172096398,100.465929635516,0.0265183142193421,89.618851895692,0
miblp_20_15_50_0110_10_10,-196,DC+Scoop_min,15.1884784698486,11.6015424728394,246,25,0,0,False,False,True,3486,110,0,14.9573895931244,0.392892360687256,0.00626993179321289,13.4470064640045,0.00819849967956543,0.233324766159058,5.89057016372681,0.00680899620056152,0.567509651184082,1.5811722278595,0.513275861740112,0.323626518249512,0.111482858657837,0.228798866271973,3.98223805427551,0,15.1884784698486,0,0,3.95982336997986,0.372887372970581,166,0,-196,5,10,0,20,-28,49,-18,49,0.204548172096398,100.465929635516,0.0265183142193421,89.618851895692,0
miblp_20_15_50_0110_10_10,time limit exceeded,INGC,9999999999999,9999999999999,9999999999999,9999999999999,9999999999999,9999999999999,False,False,True,9999999999999,9999999999999,9999999999999,7132.26403999329,403.435718297958,21.0177838802338,6355.67274880409,0.0088658332824707,247.413858652115,6108.2500243187,0,0,0,0,0,0,0,0,0,9999999999999,0,4.33151845129307,0,0,0,0,-303.896551724138,5,10,0,20,-28,49,-18,49,0.204548172096398,100.465929635516,0.0265183142193421,89.618851895692,0
miblp_20_15_50_0110_10_2,-337,DC_FR,3109.7143933773,2292.45591068268,28471,3747,14,14,False,False,True,564396,8969,0,3095.09349298477,42.6868481636047,1.10774827003479,2842.18339538574,0.0079190731048584,24.6232862472534,550.421396255493,0.00744843482971191,0,0,88.8519825935364,76.2337038516998,0.122637033462524,1211.37722849846,890.537793397903,0,3109.7143933773,0,0,886.438904762268,69.1804220676422,26876,0,-337,5,10,0,20,-45,46,-19,44,0.0866968516697319,56.326132376976,0.0280562983492115,82.9516343546776,0
miblp_20_15_50_0110_10_2,-337,DC+Scoop_min,2135.11998486519,1620.37199234962,27112,3168,31,31,False,False,True,509061,8797,0,2123.25825548172,35.498562335968,0.810798168182373,1921.42262578011,0.00779128074645996,19.7848637104034,440.546082735062,0.00659918785095215,48.5735704898834,141.341701745987,73.8990969657898,57.7304213047028,0.114214420318604,571.2941365242,568.124147415161,0,2135.11998486519,0,0,564.997099637985,50.2491071224213,24241,0,-337,5,10,0,20,-45,46,-19,44,0.0866968516697319,56.326132376976,0.0280562983492115,82.9516343546776,0
miblp_20_15_50_0110_10_2,time limit exceeded,INGC,9999999999999,9999999999999,9999999999999,9999999999999,9999999999999,9999999999999,False,False,True,9999999999999,9999999999999,9999999999999,7101.6779024601,381.312065839767,20.3922605514526,6356.80607271194,0.00927877426147461,237.606132268906,6119.19066166878,0,0,0,0,0,0,0,0,0,9999999999999,0,1.03916849403983,0,0,0,0,-687.199782491526,5,10,0,20,-45,46,-19,44,0.0866968516697319,56.326132376976,0.0280562983492115,82.9516343546776,0
miblp_20_15_50_0110_10_3,-61,DC_FR,25.0690493583679,19.102324962616,214,43,0,0,False,False,True,4221,75,0,24.834454536438,0.355249404907227,0.0101814270019531,22.9743762016296,0.0120518207550049,0.221458435058594,6.05000591278076,0.00732707977294922,0,0,0.673335552215576,0.515299081802368,0.127041816711426,8.46426820755005,6.90358829498291,0,25.0690493583679,0,0,6.87271499633789,0.905990600585938,201,0,-61,5,10,0,20,-47,31,-36,40,0.786512575868943,108.533721612715,0.324660266111687,88.6484433868662,0
miblp_20_15_50_0110_10_3,-61,DC+Scoop_min,10.3358237743378,7.9051308631897,155,12,0,0,False,False,True,2331,68,0,10.141676902771,0.284889221191406,0.00339341163635254,9.16883683204651,0.00778818130493164,0.140307664871216,4.66183018684387,0.00657153129577637,0.329682111740112,0.335600137710571,0.331464767456055,0.236272096633911,0.114214658737183,0.159395217895508,2.84571027755737,0,10.3358237743378,0,0,2.83042669296265,0.399733781814575,111,0,-61,5,10,0,20,-47,31,-36,40,0.786512575868943,108.533721612715,0.324660266111687,88.6484433868662,0
miblp_20_15_50_0110_10_3,-61,INGC,503.240314722061,503.240314722061,11310,0,0,7398,False,False,True,0,0,0,500.364505290985,22.3345596790314,1.10758423805237,457.516959428787,0.00914406776428223,13.4288651943207,444.078950166702,0,0,0,0,0,0,0,0,0,503.240314722061,0,0,0,0,0,0,-61,5,10,0,20,-47,31,-36,40,0.786512575868943,108.533721612715,0.324660266111687,88.6484433868662,0
miblp_20_15_50_0110_10_4,-605,DC_FR,70.3545846939087,51.7016408443451,2161,90,0,0,False,False,True,14448,380,0,69.7750012874603,1.46094369888306,0.0258021354675293,62.8772885799408,0.00900459289550781,0.900111675262451,9.02517223358154,0.00787091255187988,0,0,2.0960214138031,1.67919039726257,0.10654616355896,28.5336594581604,20.5197117328644,0,70.3545846939087,0,0,20.4167313575745,1.76378750801086,688,0,-605,5,10,0,20,-48,44,-43,39,0.103186096935598,97.3594406318063,1.52932028652239,151.248343715853,0
miblp_20_15_50_0110_10_4,-605,DC+Scoop_min,67.8337152004242,48.2306694984436,3568,65,0,0,False,False,True,20601,781,0,67.1442902088165,2.5878164768219,0.0270309448242187,57.4431731700897,0.00760698318481445,1.40382933616638,13.6785218715668,0.00690937042236328,3.48375296592712,7.38626670837402,3.05639362335205,1.90097498893738,0.0403926372528076,5.28431367874146,21.1942110061646,0,67.8337152004242,0,0,21.0685069561005,1.46546125411987,981,0,-605,5,10,0,20,-48,44,-43,39,0.103186096935598,97.3594406318063,1.52932028652239,151.248343715853,0
miblp_20_15_50_0110_10_4,-605,INGC,76.8275849819183,76.8275849819183,6716,0,0,2902,False,False,True,0,0,0,75.2148034572601,8.54224681854248,0.304616212844849,58.9122116565704,0.00910401344299316,5.20710563659668,53.6960020065308,0,0,0,0,0,0,0,0,0,76.8275849819183,0,0,0,0,0,0,-605,5,10,0,20,-48,44,-43,39,0.103186096935598,97.3594406318063,1.52932028652239,151.248343715853,0
miblp_20_15_50_0110_10_5,-280,DC_FR,3.83855247497559,2.81508779525757,55,6,0,0,False,False,True,609,5,0,3.63991856575012,0.0403504371643066,0.00164246559143066,3.46927785873413,0.012059211730957,0.0283088684082031,0.353131055831909,0.00739693641662598,0,0,0.104578971862793,0.0899801254272461,0.127254247665405,1.31387543678284,1.43269300460815,0,3.83855247497559,0,0,1.42796683311462,0.404502153396606,29,0,-280,5,10,0,20,-40,37,-46,46,0.223354171049672,75.5846295037367,0.0719343708567309,61.2091946485302,0
miblp_20_15_50_0110_10_5,-280,DC+Scoop_min,4.84214568138123,3.32823204994202,57,8,0,0,False,False,True,1302,2,0,4.76212406158447,0.0315535068511963,0.00133109092712402,4.34675717353821,0.00768661499023438,0.0198657512664795,0.268058300018311,0.00683212280273438,0.0408244132995606,0.0418779850006104,0.202473402023315,0.181399345397949,0.040696382522583,1.80643916130066,1.73060369491577,0,4.84214568138123,0,0,1.72204327583313,0.208129644393921,62,0,-280,5,10,0,20,-40,37,-46,46,0.223354171049672,75.5846295037367,0.0719343708567309,61.2091946485302,0
miblp_20_15_50_0110_10_5,-280,INGC,0.962792873382568,0.962792873382568,86,0,0,27,False,False,True,0,0,0,0.919493198394775,0.0869288444519043,0.00375652313232422,0.760531663894653,0.00834155082702637,0.0527410507202148,0.699449062347412,0,0,0,0,0,0,0,0,0,0.962792873382568,0,0,0,0,0,0,-280,5,10,0,20,-40,37,-46,46,0.223354171049672,75.5846295037367,0.0719343708567309,61.2091946485302,0
miblp_20_15_50_0110_10_6,-202,DC_FR,370.133937597275,268.955487728119,1421,515,0,0,False,False,True,56700,407,0,369.567338466644,3.00926733016968,0.133355379104614,345.333469152451,0.00916433334350586,1.85185527801514,89.0927863121033,0.0078737735748291,0,0,10.6012496948242,8.45067381858826,0.117369651794434,123.730265617371,111.472230672836,0,370.133937597275,0,0,111.07331609726,9.89486622810364,2700,0,-202,5,10,0,20,-45,38,-34,49,0.00352431353303018,101.181236148876,0.45396792389789,94.287380521894,0
miblp_20_15_50_0110_10_6,-202,DC+Scoop_min,99.5645883083344,92.8939080238342,632,22,0,0,False,False,True,6279,214,0,99.3719775676727,0.721002340316772,0.0118472576141357,96.3232798576355,0.00899434089660645,0.397631168365479,18.9518852233887,0.00798940658569336,0.978188276290894,65.7153971195221,0.949013710021973,0.660836219787598,0.0394020080566406,0.415886402130127,8.19805598258972,0,99.5645883083344,0,0,8.1605224609375,1.48984217643738,299,0,-202,5,10,0,20,-45,38,-34,49,0.00352431353303018,101.181236148876,0.45396792389789,94.287380521894,0
miblp_20_15_50_0110_10_6,-202,INGC,374.964516639709,374.964516639709,4534,0,0,3493,False,False,True,0,0,0,373.633031368256,10.8928978443146,0.493684053421021,352.679896116257,0.00840330123901367,6.68742537498474,345.984067440033,0,0,0,0,0,0,0,0,0,374.964516639709,0,0,0,0,0,0,-202,5,10,0,20,-45,38,-34,49,0.00352431353303018,101.181236148876,0.45396792389789,94.287380521894,0
miblp_20_15_50_0110_10_7,-260,DC_FR,22.1916465759277,14.8858273029327,41,55,0,0,False,False,True,4788,13,0,22.0024676322937,0.219679355621338,0.012007474899292,20.0541858673096,0.00917291641235352,0.143004655838013,0.20712947845459,0.00785112380981445,0,0,0.769113779067993,0.704433441162109,0.117117881774902,10.1278462409973,7.96851634979248,0,22.1916465759277,0,0,7.93349027633667,0.627671003341675,228,0,-260,5,10,0,20,-40,46,-33,43,0.00448827979029868,107.185340064344,0.092254663048688,46.5313567917868,0
miblp_20_15_50_0110_10_7,-260,DC+Scoop_min,19.5051167011261,13.8800613880157,41,55,0,0,False,False,True,4788,13,0,19.4217703342438,0.193463325500488,0.0108077526092529,17.6343994140625,0.00901603698730469,0.119078159332275,0.183141946792603,0.00793290138244629,0.28219747543335,0.181541442871094,0.6899573802948,0.633893251419067,0.0392022132873535,9.03291201591492,6.45552659034729,0,19.5051167011261,0,0,6.4237117767334,0.798656463623047,228,0,-260,5,10,0,20,-40,46,-33,43,0.00448827979029868,107.185340064344,0.092254663048688,46.5313567917868,0
miblp_20_15_50_0110_10_7,-260,INGC,2.63004112243652,2.63004112243652,266,0,0,214,False,False,True,0,0,0,2.53411340713501,0.649471998214722,0.0254278182983398,1.32624197006226,0.00759267807006836,0.368931293487549,0.949717998504639,0,0,0,0,0,0,0,0,0,2.63004112243652,0,0,0,0,0,0,-260,5,10,0,20,-40,46,-33,43,0.00448827979029868,107.185340064344,0.092254663048688,46.5313567917868,0
miblp_20_15_50_0110_10_8,-247,DC_FR,7.90323567390442,5.87408828735352,186,11,0,0,False,False,True,1344,25,0,7.19245505332947,0.140352249145508,0.00244712829589844,6.64511275291443,0.00916361808776856,0.0829651355743408,0.883826971054077,0.00791597366333008,0,0,0.216653347015381,0.179291248321533,0.117143630981445,2.89353847503662,2.25461435317993,0,7.90323567390442,0,0,2.24415421485901,0.215006828308105,64,0,-247,5,10,0,20,-38,36,-47,37,0.0145801964283123,85.2580441536106,0.0478523235267446,98.6160368917553,0
miblp_20_15_50_0110_10_8,-247,DC+Scoop_min,5.50460147857666,4.1983699798584,182,12,0,0,False,False,True,1155,26,0,4.80277156829834,0.139763832092285,0.00229048728942871,4.35502552986145,0.00784540176391602,0.081986665725708,0.870996236801147,0.00652575492858887,0.175486087799072,1.21638464927673,0.173772573471069,0.124212026596069,0.129041194915771,0.0826811790466309,1.48609375953674,0,5.50460147857666,0,0,1.47832918167114,0.172097682952881,55,0,-247,5,10,0,20,-38,36,-47,37,0.0145801964283123,85.2580441536106,0.0478523235267446,98.6160368917553,0
miblp_20_15_50_0110_10_8,-247,INGC,3.1253764629364,3.1253764629364,281,0,0,86,False,False,True,0,0,0,2.54294896125793,0.277990579605103,0.00867366790771484,2.02737975120544,0.00857067108154297,0.171663045883179,1.84714603424072,0,0,0,0,0,0,0,0,0,3.1253764629364,0,0,0,0,0,0,-247,5,10,0,20,-38,36,-47,37,0.0145801964283123,85.2580441536106,0.0478523235267446,98.6160368917553,0
miblp_20_15_50_0110_10_9,-599,DC_FR,2593.81496238708,1847.13820338249,12594,3911,22,22,False,False,True,493269,3758,0,2589.61042690277,24.3890044689178,1.09182238578796,2379.150639534,0.00886106491088867,15.2205243110657,307.159686565399,0.00747752189636231,0,0,83.7904272079468,73.4829609394074,0.131283760070801,1079.03776359558,820.311654567719,0,2593.81496238708,0,0,816.526901721954,69.8501427173615,23489,0,-599,5,10,0,20,-34,45,-42,46,0.0187391102288792,95.9479046104413,0.123765273035852,71.2782688259254,0
miblp_20_15_50_0110_10_9,-599,DC+Scoop_min,196.294387817383,135.30681014061,4321,334,0,0,False,False,True,59493,1268,0,195.295939922333,4.98573136329651,0.0847811698913574,169.47896027565,0.00876593589782715,2.78891253471375,58.495697259903,0.00821185111999512,6.75333118438721,11.5115170478821,9.18539142608643,6.67349743843079,0.0415399074554443,4.19090366363525,69.8211920261383,0,196.294387817383,0,0,69.4372096061707,8.44963192939758,2833,0,-599,5,10,0,20,-34,45,-42,46,0.0187391102288792,95.9479046104413,0.123765273035852,71.2782688259254,0
miblp_20_15_50_0110_10_9,time limit exceeded,INGC,9999999999999,9999999999999,9999999999999,9999999999999,9999999999999,9999999999999,False,False,True,9999999999999,9999999999999,9999999999999,7134.9626967907,410.776956796646,20.6470811367035,6340.39532446861,0.00824332237243652,250.535521030426,6089.85156011581,0,0,0,0,0,0,0,0,0,9999999999999,0,0.554485475246444,0,0,0,0,-749.261999068841,5,10,0,20,-34,45,-42,46,0.0187391102288792,95.9479046104413,0.123765273035852,71.2782688259254,0
miblp_20_20_50_0110_10_1,time limit exceeded,DC_FR,9999999999999,9999999999999,9999999999999,9999999999999,9999999999999,9999999999999,False,False,True,9999999999999,9999999999999,9999999999999,7193.692299366,63.5006532669067,3.27024269104004,6726.0082294941,0.00959873199462891,28.910876750946,922.929880380631,0.00815820693969727,0,0,235.731158971786,171.664355278015,0.135372161865234,3364.47205686569,2002.14677214622,0,9999999999999,0,1.69118337080572,1994.10259270668,157.410957336426,55614,0,-637.810458881124,10,10,0,20,-45,40,-42,47,0.000832386941331805,55.0571126762562,1.31370579804215,93.332153500955,0
miblp_20_20_50_0110_10_1,time limit exceeded,DC+Scoop_min,9999999999999,9999999999999,9999999999999,9999999999999,9999999999999,9999999999999,False,False,True,9999999999999,9999999999999,9999999999999,7193.39947128296,73.2694790363312,3.83874583244324,6614.72705101967,0.00902080535888672,33.7702009677887,281.524772405624,0.00820231437683106,79.1201605796814,55.1815161705017,278.827994823456,208.571348428726,0.0473966598510742,3755.4147362709,1922.2517015934,0,9999999999999,0,1.82217017203956,1912.61948847771,157.852260112762,71551,0,-637.810458881124,10,10,0,20,-45,40,-42,47,0.000832386941331805,55.0571126762562,1.31370579804215,93.332153500955,0
miblp_20_20_50_0110_10_1,time limit exceeded,INGC,9999999999999,9999999999999,9999999999999,9999999999999,9999999999999,9999999999999,False,False,True,9999999999999,9999999999999,9999999999999,7136.11231637001,425.619745016098,20.1588897705078,6335.61102414131,0.00776958465576172,187.486336708069,6148.11691784859,0,0,0,0,0,0,0,0,0,9999999999999,0,1.69197418001627,0,0,0,0,-637.997880664025,10,10,0,20,-45,40,-42,47,0.000832386941331805,55.0571126762562,1.31370579804215,93.332153500955,0
miblp_20_20_50_0110_10_10,time limit exceeded,DC_FR,9999999999999,9999999999999,9999999999999,9999999999999,9999999999999,9999999999999,False,False,True,9999999999999,9999999999999,9999999999999,7191.47148656845,61.0503666400909,3.15322637557983,6716.82376885414,0.0099489688873291,28.1684081554413,705.757305860519,0.00865292549133301,0,0,246.729364156723,187.854366064072,0.129858493804932,3433.34347844124,2114.82238578796,0,9999999999999,0,1.30331615094017,2106.03944182396,219.960161447525,55970,0,-695.601477584063,10,10,0,20,-48,49,-36,47,0.0105200249182721,150.973682421935,0.00194177839479295,78.6088716897482,0
miblp_20_20_50_0110_10_10,-455,DC+Scoop_min,4029.56777191162,3069.45919919014,24404,6377,28,28,False,False,True,833742,6054,0,4022.29602885246,47.5811758041382,2.01460933685303,3708.41682672501,0.00859832763671875,20.5518555641174,364.420950174332,0.0073082447052002,49.8059368133545,236.356901168823,152.866663455963,106.915883541107,0.0462725162506104,1672.96134209633,1104.47511482239,0,4029.56777191162,0,0,1099.20353341103,139.094960689545,39702,0,-455,10,10,0,20,-48,49,-36,47,0.0105200249182721,150.973682421935,0.00194177839479295,78.6088716897482,0
miblp_20_20_50_0110_10_10,time limit exceeded,INGC,9999999999999,9999999999999,9999999999999,9999999999999,9999999999999,9999999999999,False,False,True,9999999999999,9999999999999,9999999999999,7110.81657958031,508.323350906372,25.1771712303162,6147.65956735611,0.00904655456542969,225.101533412933,5922.54898738861,0,0,0,0,0,0,0,0,0,9999999999999,0,1.53869152402886,0,0,0,0,-695.601477584063,10,10,0,20,-48,49,-36,47,0.0105200249182721,150.973682421935,0.00194177839479295,78.6088716897482,0
miblp_20_20_50_0110_10_2,-617,DC_FR,4426.73766231537,3281.04924488068,14419,5144,18,18,False,False,True,705201,3287,0,4422.30144715309,35.2075219154358,1.42856240272522,4143.02896666527,0.00995564460754395,16.1957468986511,560.027121782303,0.00844025611877441,0,0,150.518780231476,112.014097452164,0.129860877990723,2033.07194709778,1271.05301642418,0,4426.73766231537,0,0,1266.22105455399,120.532637119293,33581,0,-617,10,10,0,20,-49,49,-37,33,0.0047316832448591,51.128946745376,0.449607617679696,59.6700051850233,0
miblp_20_20_50_0110_10_2,-617,DC+Scoop_min,336.603873968124,270.503984928131,5521,241,0,0,False,False,True,61047,1864,0,335.464166164398,8.04428267478943,0.102796077728271,307.005315065384,0.00731182098388672,3.3516640663147,131.105026721954,0.00669312477111816,8.30315756797791,65.6105728149414,11.0143203735352,6.20877051353455,0.0456850528717041,7.05984210968018,74.292270898819,0,336.603873968124,0,0,73.934182882309,7.83429384231567,2907,0,-617,10,10,0,20,-49,49,-37,33,0.0047316832448591,51.128946745376,0.449607617679696,59.6700051850233,0
miblp_20_20_50_0110_10_2,-617,INGC,6315.66042351723,6315.66042351723,128449,0,0,78482,False,False,True,0,0,0,6274.28261709213,341.812799215317,15.4269919395447,5636.91207480431,0.00881695747375488,142.135042667389,5494.76821517944,0,0,0,0,0,0,0,0,0,6315.66042351723,0,0,0,0,0,0,-617,10,10,0,20,-49,49,-37,33,0.0047316832448591,51.128946745376,0.449607617679696,59.6700051850233,0
miblp_20_20_50_0110_10_3,time limit exceeded,DC_FR,9999999999999,9999999999999,9999999999999,9999999999999,9999999999999,9999999999999,False,False,True,9999999999999,9999999999999,9999999999999,7183.6457221508,117.053442716599,4.58817481994629,6638.3347492218,0.0198829174041748,55.7575886249542,964.51547908783,0.00833797454833984,0,0,232.339468717575,158.38239812851,0.140279531478882,3313.23455619812,1913.93675804138,0,9999999999999,0,0.3647339351614,1905.97440719605,146.032190799713,54837,0,-663.260692488477,10,10,0,20,-40,49,-36,48,0.19698530549572,74.6338669187438,0.000961980629345693,92.0674841896185,0
miblp_20_20_50_0110_10_3,-618,DC+Scoop_min,4248.79856729508,3074.60821032524,144728,3932,3,3,False,False,True,1199121,40985,0,4220.47433376312,168.40779709816,2.38051605224609,3648.13677716255,0.00733709335327148,73.0377259254456,1208.90918135643,0.00655746459960938,184.894568920135,177.549545764923,217.784548521042,116.851058483124,0.0459728240966797,376.804165363312,1292.24611544609,0,4248.79856729508,0,5.76816821192805E-05,1285.48537254334,111.295015573502,57101,0,-618.03564727955,10,10,0,20,-40,49,-36,48,0.19698530549572,74.6338669187438,0.000961980629345693,92.0674841896185,0
miblp_20_20_50_0110_10_3,time limit exceeded,INGC,9999999999999,9999999999999,9999999999999,9999999999999,9999999999999,9999999999999,False,False,True,9999999999999,9999999999999,9999999999999,7113.6653149128,708.355235815048,32.7612612247467,5782.4009103775,0.00920653343200684,317.379633665085,5465.01207017899,0,0,0,0,0,0,0,0,0,9999999999999,0,0.408196799338505,0,0,0,0,-663.260692488477,10,10,0,20,-40,49,-36,48,0.19698530549572,74.6338669187438,0.000961980629345693,92.0674841896185,0
miblp_20_20_50_0110_10_4,time limit exceeded,DC_FR,9999999999999,9999999999999,9999999999999,9999999999999,9999999999999,9999999999999,False,False,True,9999999999999,9999999999999,9999999999999,7189.29568266869,85.9344844818115,2.91280674934387,6694.42237234116,0.00862503051757813,40.8445827960968,1154.63874006271,0.0176906585693359,0,0,229.481151819229,164.652327060699,0.0485749244689941,3230.86220526695,1873.86847472191,0,9999999999999,0,0.648254360092449,1865.77357792854,142.447331428528,53244,0,-820.830671326104,10,10,0,20,-49,43,-44,41,0.0556633581403297,91.8480640337908,0.00052227863578547,84.8333202902491,0
miblp_20_20_50_0110_10_4,time limit exceeded,DC+Scoop_min,9999999999999,9999999999999,9999999999999,9999999999999,9999999999999,9999999999999,False,False,True,9999999999999,9999999999999,9999999999999,7138.0258204937,279.410740852356,2.81621503829956,6274.23376321793,0.00731325149536133,112.350791931152,3023.9537653923,0.0065922737121582,278.63463139534,212.548872709274,299.581702232361,155.56617307663,0.0466327667236328,401.002298593521,1790.53498959541,0,9999999999999,0,0.519634508897629,1780.60400676727,130.792919874191,80955,0,-817.563365786976,10,10,0,20,-49,43,-44,41,0.0556633581403297,91.8480640337908,0.00052227863578547,84.8333202902491,0
miblp_20_20_50_0110_10_4,time limit exceeded,INGC,9999999999999,9999999999999,9999999999999,9999999999999,9999999999999,9999999999999,False,False,True,9999999999999,9999999999999,9999999999999,7139.90951561928,484.714271068573,21.2277095317841,6235.75713610649,0.00921964645385742,212.652841329575,6023.09507513046,0,0,0,0,0,0,0,0,0,9999999999999,0,0.648254360092449,0,0,0,0,-820.830671326104,10,10,0,20,-49,43,-44,41,0.0556633581403297,91.8480640337908,0.00052227863578547,84.8333202902491,0
miblp_20_20_50_0110_10_6,time limit exceeded,DC_FR,9999999999999,9999999999999,9999999999999,9999999999999,9999999999999,9999999999999,False,False,True,9999999999999,9999999999999,9999999999999,7192.67489790916,73.9043521881104,3.90356373786926,6709.79839777946,0.0110704898834229,35.1956067085266,1261.83361434937,0.00966310501098633,0,0,220.556265115738,168.502111434937,0.13534426689148,3218.25108742714,1805.30363488197,0,9999999999999,0,1.38589754023944,1796.34844493866,128.935577392578,51606,0,-932.885938233761,10,10,0,20,-47,48,-48,30,5.67002120164714E-15,123.078560873995,0.119551106980719,76.7258483929734,0
miblp_20_20_50_0110_10_6,time limit exceeded,DC+Scoop_min,9999999999999,9999999999999,9999999999999,9999999999999,9999999999999,9999999999999,False,False,True,9999999999999,9999999999999,9999999999999,7166.47621297836,227.465841770172,3.40307211875916,6477.22974991798,0.00796055793762207,100.75196647644,3844.86155486107,0.00650119781494141,249.580129384994,179.023953676224,249.127416610718,122.051729440689,0.130731105804443,288.46515583992,1443.22265076637,0,9999999999999,0,0.959844408053919,1435.19596147537,109.99142742157,57649,0,-932.885938233761,10,10,0,20,-47,48,-48,30,5.67002120164714E-15,123.078560873995,0.119551106980719,76.7258483929734,0
miblp_20_20_50_0110_10_6,time limit exceeded,INGC,9999999999999,9999999999999,9999999999999,9999999999999,9999999999999,9999999999999,False,False,True,9999999999999,9999999999999,9999999999999,7129.44759941101,603.960674285889,31.6475553512573,5986.03724908829,0.00923562049865723,270.157279968262,5715.87073349953,0,0,0,0,0,0,0,0,0,9999999999999,0,6.70980114242223,0,0,0,0,-932.885938233761,10,10,0,20,-47,48,-48,30,5.67002120164714E-15,123.078560873995,0.119551106980719,76.7258483929734,0
miblp_20_20_50_0110_10_7,time limit exceeded,DC_FR,9999999999999,9999999999999,9999999999999,9999999999999,9999999999999,9999999999999,False,False,True,9999999999999,9999999999999,9999999999999,7165.53658509254,176.787482500076,3.28111863136291,6568.96102118492,0.01869797706604,81.5845456123352,1318.00229024887,0.00803899765014648,0,0,222.474747419357,133.000125169754,0.0492770671844482,3092.86767792702,1720.95562076569,0,9999999999999,0,0.759065804221737,1712.78853344917,113.081375837326,53925,0,-1034.33069288246,10,10,0,20,-49,47,-30,47,0.0060927179395837,95.3955048506629,0.0558572160865371,82.5159077127389,0
miblp_20_20_50_0110_10_7,time limit exceeded,DC+Scoop_min,9999999999999,9999999999999,9999999999999,9999999999999,9999999999999,9999999999999,False,False,True,9999999999999,9999999999999,9999999999999,7155.64901399612,240.75141453743,3.72509217262268,6316.41021561623,0.00765800476074219,100.542071580887,1494.87791466713,0.00672674179077148,250.667479515076,183.235196590424,326.637614488602,186.312408447266,0.0471339225769043,1763.24157190323,2010.83443975449,0,9999999999999,0,0.701201797503926,1999.68982100487,147.708308935165,87162,0,-1034.33069288246,10,10,0,20,-49,47,-30,47,0.0060927179395837,95.3955048506629,0.0558572160865371,82.5159077127389,0
miblp_20_20_50_0110_10_7,time limit exceeded,INGC,9999999999999,9999999999999,9999999999999,9999999999999,9999999999999,9999999999999,False,False,True,9999999999999,9999999999999,9999999999999,7048.18917179108,654.85102391243,31.6940591335297,5804.12967443466,0.00855302810668945,297.28230381012,5506.83881759644,0,0,0,0,0,0,0,0,0,9999999999999,0,9999999999999,0,0,0,0,nan,10,10,0,20,-49,47,-30,47,0.0060927179395837,95.3955048506629,0.0558572160865371,82.5159077127389,0
miblp_20_20_50_0110_10_8,time limit exceeded,DC_FR,9999999999999,9999999999999,9999999999999,9999999999999,9999999999999,9999999999999,False,False,True,9999999999999,9999999999999,9999999999999,7193.01018023491,71.015703201294,3.8613109588623,6690.29595637321,0.00931644439697266,34.0083396434784,902.288909435272,0.00850629806518555,0,0,243.672358036041,181.607030391693,0.0979573726654053,3314.02095270157,2014.58258605003,0,9999999999999,0,1.90237863648349,2006.33757948875,161.310690879822,54992,0,-763.325581395349,10,10,0,20,-49,46,-40,32,0.247345289653255,55.3455746700218,0.34082105898726,73.1188948067088,0
miblp_20_20_50_0110_10_8,time limit exceeded,DC+Scoop_min,9999999999999,9999999999999,9999999999999,9999999999999,9999999999999,9999999999999,False,False,True,9999999999999,9999999999999,9999999999999,7175.85496878624,162.756270170212,5.65017628669739,6366.3428914547,0.00794839859008789,72.5466992855072,2404.91285443306,0.00714015960693359,181.227152347565,250.294543743134,363.006998538971,227.617517948151,0.0446062088012695,561.077551364899,2305.59987902641,0,9999999999999,0,0.79606019151828,2294.10862064362,248.814935207367,93816,0,-763.325581395349,10,10,0,20,-49,46,-40,32,0.247345289653255,55.3455746700218,0.34082105898726,73.1188948067088,0
miblp_20_20_50_0110_10_8,time limit exceeded,INGC,9999999999999,9999999999999,9999999999999,9999999999999,9999999999999,9999999999999,False,False,True,9999999999999,9999999999999,9999999999999,7115.15973329544,730.392530202866,36.9151258468628,5728.87536740303,0.0084986686706543,332.118834257126,5396.74803447723,0,0,0,0,0,0,0,0,0,9999999999999,0,2.27607545663142,0,0,0,0,-763.325581395349,10,10,0,20,-49,46,-40,32,0.247345289653255,55.3455746700218,0.34082105898726,73.1188948067088,0
miblp_20_20_50_0110_10_9,-272,DC_FR,6453.21463632584,4761.81775927544,46683,8249,73,73,False,False,True,1120518,15298,0,6440.50558280945,100.085927248001,5.18735098838806,5919.09931468964,0.0188069343566895,45.8407351970673,418.817301511765,0.00785088539123535,0,0,234.415638923645,165.674567461014,0.0477759838104248,3228.80660963058,1825.470028162,0,6453.21463632584,0,0,1817.49286937714,126.095992326736,53358,0,-272,10,10,0,20,-37,46,-18,49,0.00564725861901682,84.2115198072018,0.271033168771,44.3103095304555,0
miblp_20_20_50_0110_10_9,-272,DC+Scoop_min,436.27323102951,297.868548631668,15860,337,0,0,False,False,True,124257,5167,0,432.77264380455,24.3513684272766,0.955294370651245,354.226915597916,0.00727391242980957,9.52623701095581,93.6112945079804,0.00647950172424316,23.3384172916412,25.0812563896179,23.2559139728546,12.0225760936737,0.0469791889190674,17.9569113254547,149.373576402664,0,436.27323102951,0,0,148.602637052536,10.1979546546936,5917,0,-272,10,10,0,20,-37,46,-18,49,0.00564725861901682,84.2115198072018,0.271033168771,44.3103095304555,0
miblp_20_20_50_0110_10_9,time limit exceeded,INGC,9999999999999,9999999999999,9999999999999,9999999999999,9999999999999,9999999999999,False,False,True,9999999999999,9999999999999,9999999999999,7088.54135084152,938.856195688248,46.8589684963226,5314.21119332314,0.00856614112854004,417.950640678406,4896.2519865036,0,0,0,0,0,0,0,0,0,9999999999999,0,1.08900169204682,0,0,0,0,-411.533333333333,10,10,0,20,-37,46,-18,49,0.00564725861901682,84.2115198072018,0.271033168771,44.3103095304555,0
miblp_20_20_50_0110_15_1,time limit exceeded,DC_FR,9999999999999,9999999999999,9999999999999,9999999999999,9999999999999,9999999999999,False,False,True,9999999999999,9999999999999,9999999999999,7168.93228530884,134.051600456238,3.04260945320129,6673.26815605164,0.00965523719787598,100.957114934921,2131.29404902458,0.00819110870361328,0,0,183.914568185806,117.480335235596,0.0778625011444092,2632.62657475471,1506.89980506897,0,9999999999999,0,9999999999999,1492.42877531052,111.508912086487,44268,0,nan,5,15,0,20,-49,34,-48,45,0.0140300505206856,122.130911409958,0.0371658732860731,99.0310404035619,0
miblp_20_20_50_0110_15_1,time limit exceeded,DC+Scoop_min,9999999999999,9999999999999,9999999999999,9999999999999,9999999999999,9999999999999,False,False,True,9999999999999,9999999999999,9999999999999,7146.05328083038,209.973948717117,2.73298811912537,6454.08715867996,0.00963807106018066,148.76105427742,3139.02661538124,0.00828623771667481,422.171191930771,192.055108547211,226.683596849442,128.954344272614,0.0454299449920654,715.817578077316,1480.55431509018,0,9999999999999,0,1.39931741725764,1463.07746982574,137.183746337891,66199,0,-839.761096040315,5,15,0,20,-49,34,-48,45,0.0140300505206856,122.130911409958,0.0371658732860731,99.0310404035619,0
miblp_20_20_50_0110_15_1,time limit exceeded,INGC,9999999999999,9999999999999,9999999999999,9999999999999,9999999999999,9999999999999,False,False,True,9999999999999,9999999999999,9999999999999,7154.96813154221,313.042966604233,15.9724969863892,6561.49632549286,0.0100531578063965,231.814823389053,6329.671448946,0,0,0,0,0,0,0,0,0,9999999999999,0,3.13675416768474,0,0,0,0,-839.761096040315,5,15,0,20,-49,34,-48,45,0.0140300505206856,122.130911409958,0.0371658732860731,99.0310404035619,0
miblp_20_20_50_0110_15_10,-98,DC_FR,223.799907207489,165.228459596634,957,347,4,4,False,False,True,37653,329,0,223.385598659515,2.95808434486389,0.114314794540405,206.090681552887,0.0109090805053711,2.19603323936462,10.6020092964172,0.00916600227355957,0,0,8.10511255264282,5.79885292053223,0.0582621097564697,114.572453975677,64.7378823757172,0,223.799907207489,0,0,64.1545860767365,5.58313846588135,1793,0,-98,5,15,0,20,-40,39,-34,49,0.226958069609522,128.641526400388,0.123512404453977,125.275557551614,0
miblp_20_20_50_0110_15_10,-98,DC+Scoop_min,20.9175562858582,15.0122544765472,383,47,0,0,False,False,True,5712,168,0,20.7491619586945,0.820708990097046,0.0164573192596436,17.9468176364899,0.00839424133300781,0.573529005050659,3.29276132583618,0.00675654411315918,1.59603095054626,0.76232123374939,1.02106213569641,0.574092626571655,0.0451726913452148,3.47352623939514,6.59317064285278,0,20.9175562858582,0,0,6.51802802085876,0.612726211547852,272,0,-98,5,15,0,20,-40,39,-34,49,0.226958069609522,128.641526400388,0.123512404453977,125.275557551614,0
miblp_20_20_50_0110_15_10,-98,INGC,1339.37463140488,1339.37463140488,66845,0,0,44531,False,False,True,0,0,0,1316.01999568939,185.525145292282,9.10959959030151,965.766089677811,0.00971007347106934,134.937558412552,830.818821191788,0,0,0,0,0,0,0,0,0,1339.37463140488,0,0,0,0,0,0,-98,5,15,0,20,-40,39,-34,49,0.226958069609522,128.641526400388,0.123512404453977,125.275557551614,0
miblp_20_20_50_0110_15_2,time limit exceeded,DC_FR,9999999999999,9999999999999,9999999999999,9999999999999,9999999999999,9999999999999,False,False,True,9999999999999,9999999999999,9999999999999,7163.28823447228,106.549231290817,3.00220036506653,6681.49977254868,0.0101122856140137,76.4102680683136,1851.5244550705,0.00782132148742676,0,0,204.636297941208,140.533931016922,0.125898838043213,2809.48248076439,1598.7685072422,0,9999999999999,0,0.814397377085611,1583.7507584095,116.695625066757,47520,0,-858.209959361576,5,15,0,20,-40,49,-39,47,0.00139477100159107,130.309368301998,0.000884201751765967,132.016620093034,0
miblp_20_20_50_0110_15_2,time limit exceeded,DC+Scoop_min,9999999999999,9999999999999,9999999999999,9999999999999,9999999999999,9999999999999,False,False,True,9999999999999,9999999999999,9999999999999,7072.93620467186,207.011788368225,2.06604528427124,6461.35636925697,0.00845575332641602,135.980899572372,4189.87328124046,0.00694608688354492,389.425004959106,170.424302101135,179.492517471313,96.2208871841431,0.0452046394348145,119.402575969696,1180.4762942791,0,9999999999999,0,0.697924457329823,1165.78544020653,99.1684598922729,53147,0,-857.45185095163,5,15,0,20,-40,49,-39,47,0.00139477100159107,130.309368301998,0.000884201751765967,132.016620093034,0
miblp_20_20_50_0110_15_2,time limit exceeded,INGC,9999999999999,9999999999999,9999999999999,9999999999999,9999999999999,9999999999999,False,False,True,9999999999999,9999999999999,9999999999999,7023.58786892891,350.557972431183,17.0872631072998,6354.88482284546,0.00904488563537598,246.814205646515,6108.06157231331,0,0,0,0,0,0,0,0,0,9999999999999,0,9999999999999,0,0,0,0,nan,5,15,0,20,-40,49,-39,47,0.00139477100159107,130.309368301998,0.000884201751765967,132.016620093034,0
miblp_20_20_50_0110_15_3,time limit exceeded,DC_FR,9999999999999,9999999999999,9999999999999,9999999999999,9999999999999,9999999999999,False,False,True,9999999999999,9999999999999,9999999999999,7104.97520780563,121.856177091599,1.66599750518799,6742.83238101006,0.0103695392608643,84.7705991268158,3821.65902519226,0.00845837593078613,0,0,117.193133354187,68.7546336650848,0.0478954315185547,1703.45325136185,946.93501496315,0,9999999999999,0,0.732300945651733,937.699065208435,64.7876086235046,28869,0,-715.440290554239,5,15,0,20,-48,48,-39,49,0.24820126999094,145.20674328507,0.174245445004487,172.821064439732,0
miblp_20_20_50_0110_15_3,time limit exceeded,DC+Scoop_min,9999999999999,9999999999999,9999999999999,9999999999999,9999999999999,9999999999999,False,False,True,9999999999999,9999999999999,9999999999999,7037.61542415619,163.046941280365,1.97956681251526,6568.13372826576,0.0108575820922852,111.586785078049,4803.3736076355,0.00907278060913086,308.523505687714,136.491852521896,135.375933647156,77.3032393455505,0.0484788417816162,86.3781883716583,909.032206773758,0,9999999999999,0,0.484315955506619,898.570895195007,78.8374109268189,35151,0,-715.440290554239,5,15,0,20,-48,48,-39,49,0.24820126999094,145.20674328507,0.174245445004487,172.821064439732,0
miblp_20_20_50_0110_15_3,time limit exceeded,INGC,9999999999999,9999999999999,9999999999999,9999999999999,9999999999999,9999999999999,False,False,True,9999999999999,9999999999999,9999999999999,7161.28231620789,213.114456653595,11.266471862793,6751.43032312393,0.00992894172668457,157.175023555756,6594.24537062645,0,0,0,0,0,0,0,0,0,9999999999999,0,9999999999999,0,0,0,0,nan,5,15,0,20,-48,48,-39,49,0.24820126999094,145.20674328507,0.174245445004487,172.821064439732,0
miblp_20_20_50_0110_15_4,time limit exceeded,DC_FR,9999999999999,9999999999999,9999999999999,9999999999999,9999999999999,9999999999999,False,False,True,9999999999999,9999999999999,9999999999999,7194.04857563973,51.5597970485687,2.47447681427002,6913.77283143997,0.0113563537597656,37.850625038147,3672.1233048439,0.0190293788909912,0,0,129.229286432266,93.4549868106842,0.0518398284912109,1889.07942485809,1091.95297789574,0,9999999999999,0,12.2830842316385,1081.56890583038,84.4747765064239,29794,0,-688.268138131174,5,15,0,20,-48,48,-46,41,0.512088386590695,108.898370793858,0.014054314373557,105.790534332431,0
miblp_20_20_50_0110_15_4,time limit exceeded,DC+Scoop_min,9999999999999,9999999999999,9999999999999,9999999999999,9999999999999,9999999999999,False,False,True,9999999999999,9999999999999,9999999999999,7178.35027766228,71.8537173271179,2.26290893554687,6888.00240659714,0.00939488410949707,50.8929624557495,3868.426623106,0.00756049156188965,142.253540277481,1795.7271232605,109.889293909073,66.6029615402222,0.0455048084259033,67.7045869827271,786.442854881287,0,9999999999999,0,12.2830842316385,778.686516523361,139.429489850998,29069,0,-688.268138131174,5,15,0,20,-48,48,-46,41,0.512088386590695,108.898370793858,0.014054314373557,105.790534332431,0
miblp_20_20_50_0110_15_4,time limit exceeded,INGC,9999999999999,9999999999999,9999999999999,9999999999999,9999999999999,9999999999999,False,False,True,9999999999999,9999999999999,9999999999999,7187.63835382462,103.761333465576,5.30882573127747,6989.91224765778,0.00920629501342773,78.184942483902,6911.71809887886,0,0,0,0,0,0,0,0,0,9999999999999,0,12.2830842316385,0,0,0,0,-688.268138131174,5,15,0,20,-48,48,-46,41,0.512088386590695,108.898370793858,0.014054314373557,105.790534332431,0
miblp_20_20_50_0110_15_5,time limit exceeded,DC_FR,9999999999999,9999999999999,9999999999999,9999999999999,9999999999999,9999999999999,False,False,True,9999999999999,9999999999999,9999999999999,7195.79962205887,52.0788235664368,2.94452524185181,6815.67985010147,0.0112679004669189,38.4007062911987,2106.10881185532,0.0194182395935059,0,0,187.937171220779,145.571081161499,0.0518007278442383,2750.92391633987,1586.6556763649,0,9999999999999,0,8.06228289806397,1572.58106088638,114.965330123901,42696,0,-621.480895030435,5,15,0,20,-41,44,-45,47,0.019893455794375,219.667940476059,0.145567355171587,148.400595963096,0
miblp_20_20_50_0110_15_5,time limit exceeded,DC+Scoop_min,9999999999999,9999999999999,9999999999999,9999999999999,9999999999999,9999999999999,False,False,True,9999999999999,9999999999999,9999999999999,5314.76437234879,187.680170059204,1.65025734901428,4888.35239434242,0.00846052169799805,84.5839869976044,3540.32884883881,0.00673961639404297,232.066943407059,100.61902141571,103.531895875931,57.1185035705566,0.0455026626586914,69.7434432506561,700.299048185349,0,9999999999999,0,12.9515556736373,691.868485450745,60.9942200183868,31105,0,-621.480895030435,5,15,0,20,-41,44,-45,47,0.019893455794375,219.667940476059,0.145567355171587,148.400595963096,0
miblp_20_20_50_0110_15_5,time limit exceeded,INGC,9999999999999,9999999999999,9999999999999,9999999999999,9999999999999,9999999999999,False,False,True,9999999999999,9999999999999,9999999999999,7112.41927313805,247.865490913391,12.8767762184143,6639.58990716934,0.0100593566894531,182.145455598831,6457.43439221382,0,0,0,0,0,0,0,0,0,9999999999999,0,7.15327618841307,0,0,0,0,-621.480895030435,5,15,0,20,-41,44,-45,47,0.019893455794375,219.667940476059,0.145567355171587,148.400595963096,0
miblp_20_20_50_0110_15_6,time limit exceeded,DC_FR,9999999999999,9999999999999,9999999999999,9999999999999,9999999999999,9999999999999,False,False,True,9999999999999,9999999999999,9999999999999,7074.01381611824,89.2606749534607,2.35529804229736,6701.2978656292,0.0113978385925293,49.7888324260712,2757.76091551781,0.0287294387817383,0,0,158.637654304504,112.577757358551,0.0491492748260498,2277.77092862129,1344.67250084877,0,9999999999999,0,7.85202853568624,1332.67793226242,145.067035675049,36512,0,-743.570396998429,5,15,0,20,-46,49,-39,39,0.0017989388489379,157.069119373602,0.00820632582156237,109.978854971081,0
miblp_20_20_50_0110_15_6,time limit exceeded,DC+Scoop_min,9999999999999,9999999999999,9999999999999,9999999999999,9999999999999,9999999999999,False,False,True,9999999999999,9999999999999,9999999999999,4799.79024147987,212.581379652023,1.8550591468811,4336.23706007004,0.00922703742980957,79.7379257678986,2822.61188745499,0.00684928894042969,221.176541566849,177.853636980057,114.872814178467,61.3281044960022,0.399346351623535,74.1416828632355,784.099044084549,0,9999999999999,0,7.84236184901381,775.341418027878,86.1493763923645,32769,0,-742.758395317944,5,15,0,20,-46,49,-39,39,0.0017989388489379,157.069119373602,0.00820632582156237,109.978854971081,0
miblp_20_20_50_0110_15_6,time limit exceeded,INGC,9999999999999,9999999999999,9999999999999,9999999999999,9999999999999,9999999999999,False,False,True,9999999999999,9999999999999,9999999999999,7160.51823830605,220.390863895416,11.4864146709442,6739.67940282822,0.0100610256195068,166.521808385849,6573.14753341675,0,0,0,0,0,0,0,0,0,9999999999999,0,9999999999999,0,0,0,0,nan,5,15,0,20,-46,49,-39,39,0.0017989388489379,157.069119373602,0.00820632582156237,109.978854971081,0
miblp_20_20_50_0110_15_7,time limit exceeded,DC_FR,9999999999999,9999999999999,9999999999999,9999999999999,9999999999999,9999999999999,False,False,True,9999999999999,9999999999999,9999999999999,7193.18914484978,59.9190399646759,2.81904196739197,6742.77324938774,0.0095977783203125,41.9763383865356,1048.73768043518,0.00811004638671875,0,0,230.107292890549,171.012245893478,0.0497903823852539,3336.27936959267,1914.59282398224,0,9999999999999,0,0.847595302181713,1898.62832283974,156.362559556961,51488,0,-796.313575240403,5,15,0,20,-44,44,-42,48,0.0190786997677524,131.768114027373,0.154292367072743,104.840176642582,0
miblp_20_20_50_0110_15_7,time limit exceeded,DC+Scoop_min,9999999999999,9999999999999,9999999999999,9999999999999,9999999999999,9999999999999,False,False,True,9999999999999,9999999999999,9999999999999,7066.13540220261,175.41389799118,2.65533852577209,6435.6660721302,0.00856184959411621,121.789180994034,2872.23295259476,0.00691890716552734,340.726558923721,189.334708213806,226.120002269745,133.503351449966,0.0457522869110107,1071.29723978043,1480.60084486008,0,9999999999999,0,0.734887963486557,1463.68433117867,137.169378042221,63122,0,-796.313575240403,5,15,0,20,-44,44,-42,48,0.0190786997677524,131.768114027373,0.154292367072743,104.840176642582,0
miblp_20_20_50_0110_15_7,time limit exceeded,INGC,9999999999999,9999999999999,9999999999999,9999999999999,9999999999999,9999999999999,False,False,True,9999999999999,9999999999999,9999999999999,7134.56787395477,322.58158326149,15.5260369777679,6524.35500812531,0.00961446762084961,235.010547161102,6289.33484649658,0,0,0,0,0,0,0,0,0,9999999999999,0,9999999999999,0,0,0,0,nan,5,15,0,20,-44,44,-42,48,0.0190786997677524,131.768114027373,0.154292367072743,104.840176642582,0
miblp_20_20_50_0110_15_8,time limit exceeded,DC_FR,9999999999999,9999999999999,9999999999999,9999999999999,9999999999999,9999999999999,False,False,True,9999999999999,9999999999999,9999999999999,7190.27449035645,82.4840016365051,4.02326536178589,6672.81232142448,0.00939416885375977,60.2270736694336,1008.21450328827,0.00767040252685547,0,0,241.02658700943,178.468317985535,0.0670394897460938,3360.31727290153,1824.47446250916,0,9999999999999,0,7.69672506739317,1807.44760704041,136.261825799942,57136,0,-808.795431268335,5,15,0,20,-46,49,-39,46,0.0593719776286049,125.488442690416,0.0613209320954203,117.019360048299,0
miblp_20_20_50_0110_15_8,time limit exceeded,DC+Scoop_min,9999999999999,9999999999999,9999999999999,9999999999999,9999999999999,9999999999999,False,False,True,9999999999999,9999999999999,9999999999999,7128.18728899956,274.867241382599,4.47067594528198,6300.46728253365,0.00896692276000977,188.207488536835,3180.03552794456,0.00685906410217285,538.992257118225,228.661002397537,245.427914381027,130.564415693283,0.132716655731201,162.34650683403,1626.08362698555,0,9999999999999,0,3.75762018392917,1606.67815685272,142.673939943314,72381,0,-808.795431268335,5,15,0,20,-46,49,-39,46,0.0593719776286049,125.488442690416,0.0613209320954203,117.019360048299,0
miblp_20_20_50_0110_15_8,time limit exceeded,INGC,9999999999999,9999999999999,9999999999999,9999999999999,9999999999999,9999999999999,False,False,True,9999999999999,9999999999999,9999999999999,7088.16798758507,512.099715709686,26.4109694957733,6096.97094035149,0.00981760025024414,385.490764379501,5711.47035837173,0,0,0,0,0,0,0,0,0,9999999999999,0,9999999999999,0,0,0,0,nan,5,15,0,20,-46,49,-39,46,0.0593719776286049,125.488442690416,0.0613209320954203,117.019360048299,0
miblp_20_20_50_0110_15_9,-449,DC_FR,177.947608470917,142.426459312439,3652,20,0,0,False,False,True,25158,1153,0,176.69701218605,5.71569180488586,0.0654656887054443,160.887893199921,0.00890636444091797,3.71881461143494,43.7660973072052,0.00776958465576172,0,0,4.73192572593689,2.70419955253601,0.0763866901397705,67.5520560741425,38.3217372894287,0,177.947608470917,0,0,37.9458229541779,2.42467379570007,1198,0,-449,5,15,0,20,-49,48,-31,46,0.319363033962901,124.567418666046,0.0654939135469462,156.640152523175,0
miblp_20_20_50_0110_15_9,-449,DC+Scoop_min,108.67054438591,82.5990827083588,3669,42,0,0,False,False,True,26397,1148,0,107.616868257523,4.99555706977844,0.0571596622467041,92.8209354877472,0.0097343921661377,3.25505304336548,37.9772815704346,0.00803780555725098,9.09866046905518,3.71378803253174,4.56670951843262,2.50805282592773,0.0450809001922607,2.84753012657166,28.7910068035126,0,108.67054438591,0,0,28.4415230751038,2.37006139755249,1257,0,-449,5,15,0,20,-49,48,-31,46,0.319363033962901,124.567418666046,0.0654939135469462,156.640152523175,0
miblp_20_20_50_0110_15_9,time limit exceeded,INGC,9999999999999,9999999999999,9999999999999,9999999999999,9999999999999,9999999999999,False,False,True,9999999999999,9999999999999,9999999999999,7050.9351401329,640.261242628098,32.1333639621735,5820.87687087059,0.0102920532226563,475.341970443726,5345.52460837364,0,0,0,0,0,0,0,0,0,9999999999999,0,1.09985970330555,0,0,0,0,-745.450194673579,5,15,0,20,-49,48,-31,46,0.319363033962901,124.567418666046,0.0654939135469462,156.640152523175,0
miblp_20_20_50_0110_5_1,time limit exceeded,DC_FR,9999999999999,9999999999999,9999999999999,9999999999999,9999999999999,9999999999999,False,False,True,9999999999999,9999999999999,9999999999999,7192.11386561394,76.6081907749176,3.98038744926453,6644.81737136841,0.00796866416931152,21.8222672939301,132.380602836609,0.00762057304382324,0,0,275.536877393723,204.759932756424,0.0587739944458008,3704.2406437397,2306.00268411636,0,9999999999999,0,1.57419401369393,2302.96458768845,207.235175609589,62714,0,-656.419473492109,15,5,0,20,-49,49,-32,33,0,46.4291941441176,0.266223369012667,66.2616865656645,0
miblp_20_20_50_0110_5_1,-545,DC+Scoop_min,2520.76381373405,1804.09399700165,22538,5274,59,59,False,False,True,634284,6640,0,2515.55981636047,45.9507837295532,1.39235997200012,2266.29959559441,0.00781059265136719,12.4714896678925,64.2095856666565,0.00768709182739258,21.8315320014954,35.3339908123016,117.327642440796,79.4930152893066,0.0458650588989258,1147.48255944252,788.08841753006,0,2520.76381373405,0,0,786.895747423172,70.2259306907654,30204,0,-545,15,5,0,20,-49,49,-32,33,0,46.4291941441176,0.266223369012667,66.2616865656645,0
miblp_20_20_50_0110_5_1,-545,INGC,7014.50226950646,7014.50226950646,618064,0,0,416396,False,False,True,0,0,0,6821.12247014046,1790.94218349457,79.0364692211151,3482.19900822639,0.00794839859008789,482.200696706772,2999.99036312103,0,0,0,0,0,0,0,0,0,7014.50226950646,0,0,0,0,0,0,-545,15,5,0,20,-49,49,-32,33,0,46.4291941441176,0.266223369012667,66.2616865656645,0
miblp_20_20_50_0110_5_12,-752,DC_FR,1753.14633727074,1181.63686180115,30213,1432,3,3,False,False,True,256998,5840,0,1746.52558708191,31.1973884105682,0.611302614212036,1619.60817217827,0.00845098495483398,9.26370787620544,46.2490727901459,0.00778841972351074,0,0,55.7702233791351,37.1394817829132,0.0476582050323486,779.321299552918,691.800489187241,0,1753.14633727074,0,0,691.007362604141,119.497887134552,12238,0,-752,15,5,0,20,-37,49,-17,47,5.92579713351631E-15,56.5640914505534,0.267915625562745,26.5734872103695,0
miblp_20_20_50_0110_5_12,-752,DC+Scoop_min,835.23136305809,488.528436183929,30373,1402,2,2,False,False,True,251727,5786,0,829.88921546936,27.1223704814911,0.478803396224976,722.521672725678,0.00719118118286133,7.28449845314026,36.1273536682129,0.00665092468261719,13.5811734199524,18.2065460681915,45.9465956687927,28.0730993747711,0.116880416870117,159.320989608765,413.850693941116,0,835.23136305809,0,0,413.301760911942,66.5988340377808,11987,0,-752,15,5,0,20,-37,49,-17,47,5.92579713351631E-15,56.5640914505534,0.267915625562745,26.5734872103695,0
miblp_20_20_50_0110_5_12,-752,INGC,2978.64782691002,2978.64782691002,340344,0,0,209584,False,False,True,0,0,0,2888.58468031883,842.608882427216,32.4172735214233,1339.97653126717,0.00710010528564453,207.455394744873,1132.51403641701,0,0,0,0,0,0,0,0,0,2978.64782691002,0,0,0,0,0,0,-752,15,5,0,20,-37,49,-17,47,5.92579713351631E-15,56.5640914505534,0.267915625562745,26.5734872103695,0
miblp_20_20_50_0110_5_13,time limit exceeded,DC_FR,9999999999999,9999999999999,9999999999999,9999999999999,9999999999999,9999999999999,False,False,True,9999999999999,9999999999999,9999999999999,7196.09280347824,61.0762076377869,3.29650473594666,6667.51471662521,0.00851941108703613,17.7591245174408,47.7946858406067,0.00769448280334473,0,0,282.40053486824,211.813809633255,0.0470883846282959,3935.97683525085,2171.7064242363,0,9999999999999,0,1.18144943568639,2167.79545283318,173.866011381149,63064,0,-772.2331002331,15,5,0,20,-48,49,-31,22,0.0745740743471998,20.8869111583685,0.313259868645174,63.1048697073218,0
miblp_20_20_50_0110_5_13,time limit exceeded,DC+Scoop_min,9999999999999,9999999999999,9999999999999,9999999999999,9999999999999,9999999999999,False,False,True,9999999999999,9999999999999,9999999999999,7194.234593153,70.288624048233,3.44765710830688,6493.08139705658,0.00718212127685547,20.1196429729462,84.5320053100586,0.00657010078430176,36.3096351623535,47.6940619945526,295.866238117218,217.468428850174,0.116883516311646,3910.54273962975,1880.41800928116,0,9999999999999,0,0.834282898415717,1876.44981050491,174.303268671036,78406,0,-772.2331002331,15,5,0,20,-48,49,-31,22,0.0745740743471998,20.8869111583685,0.313259868645174,63.1048697073218,0
miblp_20_20_50_0110_5_13,time limit exceeded,INGC,9999999999999,9999999999999,9999999999999,9999999999999,9999999999999,9999999999999,False,False,True,9999999999999,9999999999999,9999999999999,6949.46116113663,2524.28520917892,101.284201383591,2318.41094899178,0.00700235366821289,624.01077413559,1694.39317250252,0,0,0,0,0,0,0,0,0,9999999999999,0,9999999999999,0,0,0,0,nan,15,5,0,20,-48,49,-31,22,0.0745740743471998,20.8869111583685,0.313259868645174,63.1048697073218,0
miblp_20_20_50_0110_5_14,-839,DC_FR,6461.67596888542,4609.41034793854,45281,11182,24,24,False,False,True,1167894,8636,0,6449.96190714836,81.6249432563782,3.1454017162323,5955.65701723099,0.00853848457336426,24.3498589992523,168.141071081162,0.00802254676818848,0,0,235.533490657806,172.651216745377,0.0475139617919922,3336.60287475586,2018.3144299984,0,6461.67596888542,0,7.44934445767328E-05,2015.33639192581,163.070770978928,55614,0,-839.0625,15,5,0,20,-47,48,-47,33,0.0900316194574703,18.9637276238408,0.00853862234477105,26.2098012442512,0
miblp_20_20_50_0110_5_14,-839,DC+Scoop_min,1700.39785408974,1150.62110042572,38470,4241,11,11,False,False,True,506436,7850,0,1692.98395848274,45.6984293460846,1.07727909088135,1480.25902915001,0.00664424896240234,12.3912799358368,85.0734350681305,0.00644540786743164,22.2919671535492,57.9914102554321,91.5811295509338,58.4044938087463,0.0452313423156738,548.374097585678,604.092894792557,0,1700.39785408974,0,9.9324592769203E-05,603.118885755539,53.3421320915222,24116,0,-839.083333333333,15,5,0,20,-47,48,-47,33,0.0900316194574703,18.9637276238408,0.00853862234477105,26.2098012442512,0
miblp_20_20_50_0110_5_14,-839,INGC,1564.30356764793,1564.30356764793,131008,0,0,79799,False,False,True,0,0,0,1524.17930626869,359.497110128403,14.2731146812439,853.512218952179,0.00760722160339356,95.9307029247284,757.573908805847,0,0,0,0,0,0,0,0,0,1564.30356764793,0,9.93245927690675E-05,0,0,0,0,-839.083333333333,15,5,0,20,-47,48,-47,33,0.0900316194574703,18.9637276238408,0.00853862234477105,26.2098012442512,0
miblp_20_20_50_0110_5_15,time limit exceeded,DC_FR,9999999999999,9999999999999,9999999999999,9999999999999,9999999999999,9999999999999,False,False,True,9999999999999,9999999999999,9999999999999,7187.74283671379,108.225111246109,4.09211325645447,6613.32594847679,0.00703001022338867,31.4754891395569,224.442809820175,0.00678110122680664,0,0,265.10964345932,186.839363098145,0.059187650680542,3729.44607424736,2175.9395699501,0,9999999999999,0,0.4148011400139,2172.56576323509,159.119983673096,62936,0,-742.770598507339,15,5,0,20,-36,49,-28,42,0.146749208069626,14.6024998072221,0.74865712504062,60.6155609123671,0
miblp_20_20_50_0110_5_15,time limit exceeded,DC+Scoop_min,9999999999999,9999999999999,9999999999999,9999999999999,9999999999999,9999999999999,False,False,True,9999999999999,9999999999999,9999999999999,7135.36754655838,399.262040615082,6.75928950309753,5793.40948033333,0.00844717025756836,112.373524427414,777.711007833481,0.00858736038208008,201.501163959503,284.95459318161,488.624891281128,276.765012741089,0.0492730140686035,613.655052661896,3037.7579267025,0,9999999999999,0,0.195035112753111,3032.22690391541,267.691645622253,111154,0,-733.75155923043,15,5,0,20,-36,49,-28,42,0.146749208069626,14.6024998072221,0.74865712504062,60.6155609123671,0
miblp_20_20_50_0110_5_15,time limit exceeded,INGC,9999999999999,9999999999999,9999999999999,9999999999999,9999999999999,9999999999999,False,False,True,9999999999999,9999999999999,9999999999999,7042.05835008621,1397.10908770561,61.4150006771088,4426.20692753792,0.00761842727661133,394.801991462708,4031.39731764793,0,0,0,0,0,0,0,0,0,9999999999999,0,0.417501142189499,0,0,0,0,-742.770598507339,15,5,0,20,-36,49,-28,42,0.146749208069626,14.6024998072221,0.74865712504062,60.6155609123671,0
miblp_20_20_50_0110_5_16,-782,DC_FR,2099.34794521332,1515.66151881218,33264,2422,23,23,False,False,True,372855,5544,0,2092.17124700546,34.4484515190125,0.83084774017334,1925.80761933327,0.00799632072448731,9.97902417182922,79.9363012313843,0.00803709030151367,0,0,78.6818344593048,53.8844037055969,0.046337366104126,1068.71902394295,634.544661045075,0,2099.34794521332,0,8.28157349896244E-05,633.483189344406,49.7967629432678,17755,0,-782.064761904762,15,5,0,20,-46,45,-31,13,0.404232838398752,52.3841046660457,0.000418209484905286,39.2943953491371,0
miblp_20_20_50_0110_5_16,-782,DC+Scoop_min,1228.50869393349,778.627756595612,71670,692,0,0,False,False,True,368424,15218,0,1213.41254210472,74.1617312431336,0.848358392715454,987.172119617462,0.00828361511230469,19.8881592750549,146.095701932907,0.00784540176391602,36.2797231674194,126.839334011078,79.0109531879425,42.9795169830322,0.131592035293579,44.6378207206726,491.293189287186,0,1228.50869393349,0,0,490.384258508682,40.5033211708069,17544,0,-782,15,5,0,20,-46,45,-31,13,0.404232838398752,52.3841046660457,0.000418209484905286,39.2943953491371,0
miblp_20_20_50_0110_5_16,-782,INGC,2685.55689525604,2685.55689525604,271322,0,0,139608,False,False,True,0,0,0,2612.66758131981,571.441365480423,25.3526167869568,1533.37949204445,0.00769162178039551,162.969794034958,1370.40200638771,0,0,0,0,0,0,0,0,0,2685.55689525604,0,0,0,0,0,0,-782,15,5,0,20,-46,45,-31,13,0.404232838398752,52.3841046660457,0.000418209484905286,39.2943953491371,0
miblp_20_20_50_0110_5_17,-944,DC_FR,352.070568323135,256.043782949448,4513,475,0,0,False,False,True,64554,1260,0,350.886489152908,7.5807740688324,0.169251203536987,320.131300210953,0.00806379318237305,2.1565477848053,8.66193389892578,0.0168521404266357,0,0,12.9743895530701,8.77540397644043,0.0468449592590332,184.273387670517,103.217876434326,0,352.070568323135,0,0,103.034706830978,7.00792145729065,3074,0,-944,15,5,0,20,-47,48,-27,43,0.294553432972292,53.0781944280068,0.201862934822636,42.5015252514707,0
miblp_20_20_50_0110_5_17,-944,DC+Scoop_min,156.822921514511,98.8829119205475,5359,206,0,0,False,False,True,49119,1613,0,155.45781826973,8.21866154670715,0.117282152175903,127.551158428192,0.00826454162597656,2.28638100624084,9.68862175941467,0.00790977478027344,4.10143661499023,5.84608173370361,10.4186356067657,6.03032183647156,0.131544828414917,26.12770652771,62.9042541980743,0,156.822921514511,0,0,62.7859373092651,4.84592771530151,2339,0,-944,15,5,0,20,-47,48,-27,43,0.294553432972292,53.0781944280068,0.201862934822636,42.5015252514707,0
miblp_20_20_50_0110_5_17,-944,INGC,175.164731264114,175.164731264114,19038,0,0,12975,False,False,True,0,0,0,170.096134662628,52.1563005447388,1.90340447425842,73.6393530368805,0.00748419761657715,14.2398421764374,59.3920266628265,0,0,0,0,0,0,0,0,0,175.164731264114,0,0,0,0,0,0,-944,15,5,0,20,-47,48,-27,43,0.294553432972292,53.0781944280068,0.201862934822636,42.5015252514707,0
miblp_20_20_50_0110_5_19,-431,DC_FR,3339.30917453766,2420.82356595993,37671,4506,0,0,False,False,True,576954,7715,0,3330.09067177773,51.6564404964447,2.53327226638794,3061.55426454544,0.00948286056518555,15.4116652011871,200.002411842346,0.00811886787414551,0,0,121.400072574615,86.9642221927643,0.125833749771118,1644.68027758598,992.952179670334,0,3339.30917453766,0,0,991.296868801117,72.8112602233887,27474,0,-431,15,5,0,20,-41,44,-40,20,0.081245051471735,37.1969335867637,1.80635633767273,39.5871945905087,0
miblp_20_20_50_0110_5_19,-431,DC+Scoop_min,481.530312776566,320.775384187698,17511,442,0,0,False,False,True,134232,5200,0,477.282019615173,26.1580514907837,1.11126279830933,394.176636695862,0.00828194618225098,7.35567545890808,87.9653730392456,0.00783634185791016,13.1521718502045,50.4038639068604,28.8344194889069,15.7470796108246,0.131637811660767,16.4092457294464,174.161051511765,0,481.530312776566,0,7.89850422076652E-05,173.851412534714,13.0964839458466,6392,0,-431.034042553192,15,5,0,20,-41,44,-40,20,0.081245051471735,37.1969335867637,1.80635633767273,39.5871945905087,0
miblp_20_20_50_0110_5_19,-431,INGC,4691.84512639046,4691.84512639046,291466,0,0,198208,False,False,True,0,0,0,4602.4214527607,810.039985895157,37.2991936206818,3088.32373690605,0.00766372680664063,225.555836677551,2862.76023650169,0,0,0,0,0,0,0,0,0,4691.84512639046,0,0,0,0,0,0,-431,15,5,0,20,-41,44,-40,20,0.081245051471735,37.1969335867637,1.80635633767273,39.5871945905087,0
miblp_20_20_50_0110_5_2,time limit exceeded,DC_FR,9999999999999,9999999999999,9999999999999,9999999999999,9999999999999,9999999999999,False,False,True,9999999999999,9999999999999,9999999999999,7193.60018420219,72.4579756259918,3.81783390045166,6653.57430410385,0.00861334800720215,21.4291930198669,84.4693198204041,0.0083010196685791,0,0,271.670272111893,206.008278369904,0.0495452880859375,3838.46494364738,2231.46583747864,0,9999999999999,0,0.641038489561832,2228.10561966896,155.004736423492,62906,0,-869.750399467835,15,5,0,20,-42,40,-40,28,0.0243721770212738,40.1495047629869,0.619079469295473,63.4173737158206,0
miblp_20_20_50_0110_5_2,time limit exceeded,DC+Scoop_min,9999999999999,9999999999999,9999999999999,9999999999999,9999999999999,9999999999999,False,False,True,9999999999999,9999999999999,9999999999999,7172.41217398643,215.969780445099,4.54558682441711,6217.64753937721,0.00682806968688965,58.5609748363495,335.537089586258,0.00688052177429199,106.014385461807,163.82071518898,407.870975017548,259.227307796478,0.0456233024597168,2287.23883962631,2599.31791996956,0,9999999999999,0,0.550357218302638,2595.00765919685,216.170702695847,109208,0,-869.750399467835,15,5,0,20,-42,40,-40,28,0.0243721770212738,40.1495047629869,0.619079469295473,63.4173737158206,0
miblp_20_20_50_0110_5_2,time limit exceeded,INGC,9999999999999,9999999999999,9999999999999,9999999999999,9999999999999,9999999999999,False,False,True,9999999999999,9999999999999,9999999999999,6993.64056706429,2046.84183049202,81.6080679893494,3239.00875735283,0.00731110572814941,505.441144704819,2733.56030154228,0,0,0,0,0,0,0,0,0,9999999999999,0,9999999999999,0,0,0,0,nan,15,5,0,20,-42,40,-40,28,0.0243721770212738,40.1495047629869,0.619079469295473,63.4173737158206,0
miblp_20_20_50_0110_5_20,-436,DC_FR,75.9527225494385,55.1199865341187,1063,88,0,0,False,False,True,13818,341,0,75.4919548034668,1.81114101409912,0.031085729598999,69.0274114608765,0.00922822952270508,0.524195671081543,2.36976838111877,0.00724267959594727,0,0,2.58266258239746,1.69049119949341,0.124484062194824,38.7660796642303,22.9532589912415,0,75.9527225494385,0,0,22.9171237945557,2.08438777923584,658,0,-436,15,5,0,20,-49,48,-36,28,1.4297382829051,58.0247246709659,0.0134684099277721,64.4398083200644,0
miblp_20_20_50_0110_5_20,-436,DC+Scoop_min,22.9487466812134,13.1082689762115,935,19,0,0,False,False,True,8778,331,0,22.5843744277954,1.37691807746887,0.0119426250457764,18.3476269245148,0.00697636604309082,0.354640960693359,1.72275400161743,0.00644159317016602,0.644738674163818,0.89210057258606,1.59256291389465,0.858536243438721,0.133064270019531,0.942359924316406,11.1934514045715,0,22.9487466812134,0,0,11.1755142211914,1.33503651618958,418,0,-436,15,5,0,20,-49,48,-36,28,1.4297382829051,58.0247246709659,0.0134684099277721,64.4398083200644,0
miblp_20_20_50_0110_5_20,-436,INGC,190.38565659523,190.38565659523,15596,0,0,12696,False,False,True,0,0,0,185.522644281387,54.1152787208557,2.27555370330811,85.8390190601349,0.0077815055847168,14.490650177002,71.3405873775482,0,0,0,0,0,0,0,0,0,190.38565659523,0,0,0,0,0,0,-436.000000003165,15,5,0,20,-49,48,-36,28,1.4297382829051,58.0247246709659,0.0134684099277721,64.4398083200644,0
miblp_20_20_50_0110_5_4,time limit exceeded,DC_FR,9999999999999,9999999999999,9999999999999,9999999999999,9999999999999,9999999999999,False,False,True,9999999999999,9999999999999,9999999999999,7186.84204435349,105.42405962944,3.5417811870575,6631.53157877922,0.00864863395690918,30.6692228317261,528.017107486725,0.00836396217346191,0,0,251.660263299942,178.406205415726,0.125495195388794,3546.10527706146,2096.53099489212,0,9999999999999,0,9999999999999,2093.01556897163,185.846827507019,58755,0,nan,15,5,0,20,-46,34,-38,10,0.356159683395529,26.8152086745695,0.124062175151247,48.0406551693011,0
miblp_20_20_50_0110_5_4,-616,DC+Scoop_min,3868.08579778671,2527.59892988205,80912,9132,6,6,False,False,True,1204392,20341,0,3852.08807778358,113.107358932495,2.26359724998474,3343.80091643333,0.00781536102294922,29.9758086204529,427.194049835205,0.00660204887390137,54.4246640205383,213.098037719727,221.123244285583,139.179342508316,0.116813182830811,758.308762311935,1500.36577653885,0,3868.08579778671,0,0,1497.80898332596,157.322115421295,57352,0,-616,15,5,0,20,-46,34,-38,10,0.356159683395529,26.8152086745695,0.124062175151247,48.0406551693011,0
miblp_20_20_50_0110_5_4,-616,INGC,4718.81604194641,4718.81604194641,325207,0,0,187737,False,False,True,0,0,0,4636.13736534119,722.764513969421,28.0319130420685,3282.47552084923,0.00778055191040039,192.749970436096,3089.71776986122,0,0,0,0,0,0,0,0,0,4718.81604194641,0,7.76476026754045E-05,0,0,0,0,-616.047830923248,15,5,0,20,-46,34,-38,10,0.356159683395529,26.8152086745695,0.124062175151247,48.0406551693011,0
miblp_20_20_50_0110_5_5,-392,DC_FR,2.50924849510193,1.8509476184845,31,5,0,0,False,False,True,399,5,0,2.31168031692505,0.0478687286376953,0.00188422203063965,2.24954652786255,0.00864076614379883,0.0185620784759521,0.0378291606903076,0.00841975212097168,0,0,0.124126434326172,0.0595316886901856,0.125544548034668,1.13251423835754,0.734377861022949,0,2.50924849510193,0,0,0.733160495758057,0.074859619140625,19,0,-392,15,5,0,20,-44,46,-40,44,0.00960333499029037,70.4615327552137,0.25335634145638,20.6595227375848,0
miblp_20_20_50_0110_5_5,-392,DC+Scoop_min,0.525820016860962,0.400211334228516,29,0,0,0,False,False,True,126,6,0,0.343774318695068,0.0272691249847412,0.00028228759765625,0.405818462371826,0.0078127384185791,0.0112264156341553,0.0307564735412598,0.00653982162475586,0.0116193294525146,0.0153882503509521,0.0243487358093262,0.0115759372711182,0.11650013923645,0.0148029327392578,0.155247688293457,0,0.525820016860962,0,0,0.154962778091431,0.0293540954589844,6,0,-392,15,5,0,20,-44,46,-40,44,0.00960333499029037,70.4615327552137,0.25335634145638,20.6595227375848,0
miblp_20_20_50_0110_5_5,-392,INGC,0.32365894317627,0.32365894317627,48,0,0,21,False,False,True,0,0,0,0.250656127929687,0.0840067863464356,0.00222563743591309,0.105706930160522,0.00777745246887207,0.0279974937438965,0.0699319839477539,0,0,0,0,0,0,0,0,0,0.32365894317627,0,0,0,0,0,0,-392,15,5,0,20,-44,46,-40,44,0.00960333499029037,70.4615327552137,0.25335634145638,20.6595227375848,0
miblp_20_20_50_0110_5_6,-1061,DC_FR,3554.31138205528,2660.2841026783,174597,1152,0,0,False,False,True,630840,27629,0,3518.09900164604,116.347018241882,1.54114627838135,3154.57993865013,0.00862622261047363,35.9045829772949,232.749843120575,0.00825619697570801,0,0,116.661805868149,67.6649460792542,0.125745296478271,1748.60559177399,952.850541114807,0,3554.31138205528,0,9.42507068804213E-05,951.031758785248,57.0044794082642,30040,0,-1061.1,15,5,0,20,-46,31,-11,35,0.175200216463956,39.5582180865087,0.806670192945888,26.4845099874727,0
miblp_20_20_50_0110_5_6,-1061,DC+Scoop_min,1584.22120690346,980.495263576508,174597,1152,0,0,False,False,True,630861,27629,0,1554.08188343048,110.451902151108,1.05768465995789,1229.45024895668,0.00677132606506348,28.4177942276001,190.644663095474,0.00660157203674316,53.7825407981873,74.0377762317658,111.118135213852,55.8285057544708,0.0443301200866699,66.5849964618683,648.978134155273,0,1584.22120690346,0,9.42507068804213E-05,647.688840866089,43.9628975391388,30041,0,-1061.1,15,5,0,20,-46,31,-11,35,0.175200216463956,39.5582180865087,0.806670192945888,26.4845099874727,0
miblp_20_20_50_0110_5_6,-1061,INGC,1479.35120391846,1479.35120391846,337265,0,0,109935,False,False,True,0,0,0,1422.95084834099,379.651718378067,10.6679315567017,733.138911485672,0.00635933876037598,90.9345164299011,642.19803571701,0,0,0,0,0,0,0,0,0,1479.35120391846,0,9.42507068804213E-05,0,0,0,0,-1061.1,15,5,0,20,-46,31,-11,35,0.175200216463956,39.5582180865087,0.806670192945888,26.4845099874727,0
miblp_20_20_50_0110_5_7,-547,DC_FR,3.67231726646423,2.23555588722229,37,3,0,0,False,False,True,315,1,0,3.14465808868408,0.0176351070404053,0.000433683395385742,3.15553975105286,0.00934600830078125,0.014697790145874,0.0180001258850098,0.00932645797729492,0,0,0.0809335708618164,0.0588257312774658,0.145288228988647,0.964144945144653,1.85497689247131,0,3.67231726646423,0,0,1.85397720336914,0.417215824127197,15,0,-547,15,5,0,20,-45,37,-44,8,0.0368961075353824,23.0765714306998,1.03650744104222E-15,46.227388153622,0
miblp_20_20_50_0110_5_7,-547,DC+Scoop_min,3.30281543731689,1.71406412124634,44,6,0,0,False,False,True,777,1,0,3.22482681274414,0.0264263153076172,0.000904321670532227,2.99546074867249,0.00643539428710938,0.00782299041748047,0.0188219547271729,0.0063321590423584,0.0132665634155273,0.0189895629882813,0.159457921981812,0.113771677017212,0.0460338592529297,0.658110857009888,1.94641780853271,0,3.30281543731689,0,0,1.94472527503967,0.355973958969116,37,0,-547,15,5,0,20,-45,37,-44,8,0.0368961075353824,23.0765714306998,1.03650744104222E-15,46.227388153622,0
miblp_20_20_50_0110_5_7,-547,INGC,0.137826442718506,0.137826442718506,61,0,0,9,False,False,True,0,0,0,0.106784343719482,0.0376145839691162,0.00137901306152344,0.0440077781677246,0.00722837448120117,0.0106580257415771,0.0261213779449463,0,0,0,0,0,0,0,0,0,0.137826442718506,0,0,0,0,0,0,-547,15,5,0,20,-45,37,-44,8,0.0368961075353824,23.0765714306998,1.03650744104222E-15,46.227388153622,0
miblp_20_20_50_0110_5_9,-926,DC_FR,177.001363039017,127.610117912292,1770,336,0,0,False,False,True,30597,504,0,176.446295499802,3.70048761367798,0.0980892181396484,160.846613407135,0.00799036026000977,1.10467481613159,8.96799921989441,0.00813555717468262,0,0,6.43125367164612,4.26258015632629,0.0484044551849365,86.4616405963898,53.5539345741272,0,177.001363039017,0,0,53.4636723995209,4.07242727279663,1457,0,-926,15,5,0,20,-41,35,-28,13,0.290746094543128,47.2809876009559,0.566447700751499,33.3506600773828,0
miblp_20_20_50_0110_5_9,-926,DC+Scoop_min,54.4493067264557,35.2855727672577,1655,105,0,0,False,False,True,18249,545,0,53.9370045661926,2.66511797904968,0.0374808311462402,44.7908775806427,0.00757765769958496,0.693360805511475,5.93995952606201,0.0073697566986084,1.25512647628784,1.99269700050354,3.27903485298157,1.91433644294739,0.127623319625855,7.59574484825134,21.9780468940735,0,54.4493067264557,0,0,21.9396812915802,2.7759473323822,869,0,-926,15,5,0,20,-41,35,-28,13,0.290746094543128,47.2809876009559,0.566447700751499,33.3506600773828,0
miblp_20_20_50_0110_5_9,-926,INGC,59.6174273490906,59.6174273490906,4825,0,0,2882,False,False,True,0,0,0,58.3709263801575,12.3386244773865,0.433411359786987,35.559830904007,0.00758194923400879,3.33850932121277,32.2137396335602,0,0,0,0,0,0,0,0,0,59.6174273490906,0,0,0,0,0,0,-926,15,5,0,20,-41,35,-28,13,0.290746094543128,47.2809876009559,0.566447700751499,33.3506600773828,0
