name;objective value;method;neighbour_node_pruning;smart_dc_verification;solve_cvp_globally;nodes;time;idealized_time;DCs;INGCs;Nr_total_CVPs;Nodes_pruned;Neighbour_nodes_pruned;cb_time;node_info_time;modify_cut_list_time;subproblems_time;ll_model_time;ll_modify_time;ll_solve_time;scoop_model_time;scoop_modify_time;scoop_solve_time;cgp_model_time;cgp_solve_time;cvp_model_time;cvp_modify_time;cvp_solve_time;rel_mip_gap;total_time_CVPs;idealized_time_CVPs;best_upper_bound;nr_UL_vars;nr_LL_vars;nr_UL_cnstrs;nr_LL_cnstrs;min_UL_obj_coeff;max_UL_obj_coeff;min_LL_obj_coeff;max_LL_obj_coeff;Q_eig_min;Q_eig_max;P_eig_min;P_eig_max
miblp_20_20_50_0110_5_20;-433.0;INGC+DC;False;False;True;1248;32.7148962020874;20.78740167617798;15;0;11109;479;0;32.370593547821045;1.870481252670288;0.019957780838012695;24.983771085739136;0.013326168060302734;0.5540273189544678;1.8325371742248535;0.011756420135498047;1.2267096042633057;1.7009398937225342;2.8079416751861572;1.1628575325012207;0.018027782440185547;1.7125988006591797;13.94304871559143;0.0;13.937749147415161;2.0102546215057373;-433.0;15;5;0;20;-49.0;48.0;-36;28;0.18368202463239852;36.99686677732965;0.8376428967354452;19.685112735093256
miblp_20_20_50_0110_5_20;Internal error: 'NoneType' object has no attribute 'rhs';INGC+DC;False;False;True;0;0.07062625885009766;0.07062625885009766;0;0;0;0;0;0;0.004549264907836914;4.291534423828125e-06;0.04138803482055664;0.014907360076904297;0.0014643669128417969;0.00499272346496582;0.013527870178222656;0;0;0;0;0.00649571418762207;0;0;nan;0;0;nan;15;5;0;20;-49.0;48.0;-36;28;0.18368202463239852;36.99686677732965;0.8376428967354452;19.685112735093256
miblp_20_20_50_0110_5_20;time limit exceeded;INGC+DC;False;False;True;884;9374.917061805725;9364.469013214111;30;0;8631;335;0;9374.622310876846;1.5382072925567627;0.016728878021240234;9367.797779083252;0.013261556625366211;0.47521185874938965;1.5767090320587158;0.012389183044433594;0.9476287364959717;9347.526204824448;2.4813997745513916;1.0753352642059326;0.01715373992919922;1.478724479675293;12.193760633468628;0.20271020448740637;12.18910002708435;1.741051435470581;-515.9626777251176;15;5;0;20;-49.0;48.0;-36;28;0.18368202463239852;36.99686677732965;0.8376428967354452;19.685112735093256
miblp_20_20_50_0110_5_20;Internal error: name 'err' is not defined;INGC+DC;False;False;True;0;0.09000468254089355;0.09000468254089355;0;0;0;0;0;0;0.004784584045410156;5.245208740234375e-06;0.05323195457458496;0.016735076904296875;0.0016100406646728516;0.005379199981689453;0.018296241760253906;0;0;0;0;0.011211395263671875;0;0;nan;0;0;nan;15;5;0;20;-49.0;48.0;-36;28;0.18368202463239852;36.99686677732965;0.8376428967354452;19.685112735093256
miblp_20_20_50_0110_5_20;Internal error: name 'err' is not defined;INGC+DC;False;False;True;0;0.1703484058380127;0.1703484058380127;0;0;0;0;0;0;0.00447392463684082;3.814697265625e-06;0.14069557189941406;0.01501607894897461;0.0014677047729492188;0.0050928592681884766;0.016237497329711914;0.0028984546661376953;0.09354472160339355;0;0;0.006438255310058594;0;0;nan;0;0;nan;15;5;0;20;-49.0;48.0;-36;28;0.18368202463239852;36.99686677732965;0.8376428967354452;19.685112735093256
miblp_20_20_50_0110_5_20;Internal error: name 'err' is not defined;INGC+DC;False;False;True;0;0.17332220077514648;0.17332220077514648;0;0;0;0;0;0;0.004675149917602539;4.0531158447265625e-06;0.1422591209411621;0.014570474624633789;0.0015263557434082031;0.005410432815551758;0.015487909317016602;0.0028395652770996094;0.09299230575561523;0;0;0.009432077407836914;0;0;nan;0;0;nan;15;5;0;20;-49.0;48.0;-36;28;0.18368202463239852;36.99686677732965;0.8376428967354452;19.685112735093256
miblp_20_20_50_0110_5_20;Internal error: name 'err' is not defined;INGC+DC;False;False;True;0;0.20389151573181152;0.20389151573181152;0;0;0;0;0;0;0.007323741912841797;7.152557373046875e-06;0.16762471199035645;0.016742944717407227;0.001516103744506836;0.0053005218505859375;0.01902484893798828;0.003086090087890625;0.11554312705993652;0;0;0.006411075592041016;0;0;nan;0;0;nan;15;5;0;20;-49.0;48.0;-36;28;0.18368202463239852;36.99686677732965;0.8376428967354452;19.685112735093256
miblp_20_20_50_0110_5_20;Internal error: name 'err' is not defined;INGC+DC;False;False;True;0;0.16382646560668945;0.16382646560668945;0;0;0;0;0;0;0.004789113998413086;4.291534423828125e-06;0.132643461227417;0.014153242111206055;0.0015037059783935547;0.0051648616790771484;0.01467442512512207;0.003122091293334961;0.0844717025756836;0;0;0.00955343246459961;0;0;nan;0;0;nan;15;5;0;20;-49.0;48.0;-36;28;0.18368202463239852;36.99686677732965;0.8376428967354452;19.685112735093256
miblp_20_20_50_0110_5_20;aborted;INGC+DC;False;False;True;38;2.7936697006225586;2.2692947387695312;2;0;420;13;0;2.717427968978882;0.06044459342956543;0.0005810260772705078;2.495288133621216;0.019528627395629883;0.018509864807128906;0.06353378295898438;0.015478134155273438;0.035880327224731445;1.471405267715454;0.10806059837341309;0.060353755950927734;0.0065152645111083984;0.06669330596923828;0.6293292045593262;0.28990669431272154;0.6291401386260986;0.10476517677307129;-515.9626777251176;15;5;0;20;-49.0;48.0;-36;28;0.18368202463239852;36.99686677732965;0.8376428967354452;19.685112735093256
miblp_20_20_50_0110_5_20;Internal error: Model<docplex_model3> did not solve successfully;INGC+DC;False;False;True;0;2.926671266555786;2.396294593811035;2;0;420;13;0;2.7856125831604004;0.06301736831665039;0.0005321502685546875;2.621993064880371;0.014020681381225586;0.019283294677734375;0.06925821304321289;0.014764547348022461;0.040016889572143555;1.5240020751953125;0.15307927131652832;0.0682988166809082;0.009420394897460938;0.06982135772705078;0.6400275230407715;nan;0.6398422718048096;0.1094655990600586;nan;15;5;0;20;-49.0;48.0;-36;28;0.18368202463239852;36.99686677732965;0.8376428967354452;19.685112735093256
miblp_20_20_50_0110_5_20;Internal error: Model<docplex_model3> did not solve successfully;INGC+DC;False;False;True;0;3.5965054035186768;2.9297499656677246;4;0;546;14;0;3.4186668395996094;0.0787954330444336;0.0008497238159179688;3.2367630004882812;0.014749526977539062;0.022208452224731445;0.08016180992126465;0.014542579650878906;0.04611992835998535;1.8948817253112793;0.1802501678466797;0.08551287651062012;0.009662151336669922;0.08789968490600586;0.800774097442627;nan;0.8005146980285645;0.1337592601776123;nan;15;5;0;20;-49.0;48.0;-36;28;0.18368202463239852;36.99686677732965;0.8376428967354452;19.685112735093256
miblp_20_20_50_0110_5_20;Internal error: name 'err' is not defined;INGC+DC;False;False;True;0;0.17318987846374512;0.17318987846374512;0;0;0;0;0;0;0.004738569259643555;3.337860107421875e-06;0.14009594917297363;0.014971733093261719;0.001626729965209961;0.00611424446105957;0.014954566955566406;0.0031540393829345703;0.08954858779907227;0;0;0.00972604751586914;0;0;nan;0;0;nan;15;5;0;20;-49.0;48.0;-36;28;0.18368202463239852;36.99686677732965;0.8376428967354452;19.685112735093256
miblp_20_20_50_0110_5_20;Internal error: Model<docplex_model6> has not been solved yet;INGC+DC;False;False;True;0;0.20651650428771973;0.20651650428771973;0;0;0;0;0;0;0.004802703857421875;5.0067901611328125e-06;0.17467832565307617;0.01613450050354004;0.0019648075103759766;0.007864713668823242;0.01682138442993164;0.0029947757720947266;0.12205910682678223;0;0;0.00683903694152832;0;0;nan;0;0;nan;15;5;0;20;-49.0;48.0;-36;28;0.18368202463239852;36.99686677732965;0.8376428967354452;19.685112735093256
miblp_20_20_50_0110_5_20;aborted;INGC+DC;False;False;True;61;8.544837951660156;7.5855443477630615;6;0;735;18;0;8.463579893112183;0.09952044486999512;0.0016527175903320312;8.029083967208862;0.016203880310058594;0.029697418212890625;0.10112476348876953;0.01598525047302246;0.06208682060241699;6.141867637634277;0.19971466064453125;0.11321139335632324;0.006493806838989258;0.1334826946258545;1.2092156410217285;0.28990669431272154;1.2088069915771484;0.2495133876800537;-515.9626777251176;15;5;0;20;-49.0;48.0;-36;28;0.18368202463239852;36.99686677732965;0.8376428967354452;19.685112735093256
miblp_20_20_50_0110_5_20;Internal error: name 'err' is not defined;INGC+DC;False;False;True;0;0.2108774185180664;0.2108774185180664;0;0;0;0;0;0;0.005676984786987305;4.0531158447265625e-06;0.05129528045654297;0.01630878448486328;0.0015463829040527344;0.005836963653564453;0.014674186706542969;0.0029458999633789062;0;0;0;0.009983062744140625;0;0;nan;0;0;nan;15;5;0;20;-49.0;48.0;-36;28;0.18368202463239852;36.99686677732965;0.8376428967354452;19.685112735093256
miblp_20_20_50_0110_5_20;Internal error: name 'err' is not defined;INGC+DC;False;False;True;0;0.30873632431030273;0.30873632431030273;0;0;0;0;0;0;0.008373737335205078;4.5299530029296875e-06;0.04866480827331543;0.015637636184692383;0.0015451908111572266;0.005415201187133789;0.016254425048828125;0.003278493881225586;0;0;0;0.00653386116027832;0;0;nan;0;0;nan;15;5;0;20;-49.0;48.0;-36;28;0.18368202463239852;36.99686677732965;0.8376428967354452;19.685112735093256
miblp_20_20_50_0110_5_20;Internal error: name 'err' is not defined;INGC+DC;False;False;True;0;0.37886762619018555;0.37886762619018555;0;0;0;0;0;0;0.005449533462524414;5.7220458984375e-06;0.3411099910736084;0.01793670654296875;0.0015842914581298828;0.0052509307861328125;0.017465829849243164;0.0032951831817626953;0.2891068458557129;0;0;0.006470203399658203;0;0;nan;0;0;nan;15;5;0;20;-49.0;48.0;-36;28;0.18368202463239852;36.99686677732965;0.8376428967354452;19.685112735093256
miblp_20_20_50_0110_5_20;Internal error: name 'err' is not defined;INGC+DC;False;False;True;0;0.17104196548461914;0.17104196548461914;0;0;0;0;0;0;0.004642486572265625;3.814697265625e-06;0.1382455825805664;0.01779627799987793;0.0014271736145019531;0.0049152374267578125;0.01706695556640625;0.002860546112060547;0.08771133422851562;0;0;0.006468057632446289;0;0;nan;0;0;nan;15;5;0;20;-49.0;48.0;-36;28;0.18368202463239852;36.99686677732965;0.8376428967354452;19.685112735093256
miblp_20_20_50_0110_5_20;Internal error: name 'err' is not defined;INGC+DC;False;False;True;0;0.09049201011657715;0.09049201011657715;0;0;0;0;0;0;0.004473209381103516;4.76837158203125e-06;0.057176828384399414;0.019274473190307617;0.0016002655029296875;0.005391597747802734;0.018312692642211914;0.002888917922973633;0.0028917789459228516;0;0;0.0068171024322509766;0;0;nan;0;0;nan;15;5;0;20;-49.0;48.0;-36;28;0.18368202463239852;36.99686677732965;0.8376428967354452;19.685112735093256
miblp_20_20_50_0110_5_20;-436.0;INGC+DC;False;False;True;1124;33.819602966308594;21.834004878997803;26;0;10059;411;0;33.49668860435486;1.920133352279663;0.01522064208984375;24.437299013137817;0.0193636417388916;0.5189054012298584;1.7186033725738525;0.018777132034301758;1.0437450408935547;1.0637142658233643;2.8658885955810547;1.2627058029174805;0.006700038909912109;1.8409955501556396;14.077900171279907;0.0;14.072984457015991;2.0873863697052;-436.0;15;5;0;20;-49.0;48.0;-36;28;0.18368202463239852;36.99686677732965;0.8376428967354452;19.685112735093256
miblp_20_20_50_0110_5_20;-433.0;INGC+DC;False;False;True;1248;42.581055641174316;27.743297576904297;15;0;11109;479;0;42.15553092956543;2.431220531463623;0.02433013916015625;30.739121913909912;0.02588176727294922;0.6518862247467041;2.2140746116638184;0.025724411010742188;1.4247288703918457;2.0821456909179688;3.4046714305877686;1.494290828704834;0.009874820709228516;2.1197845935821533;17.2860586643219;0.0;17.279422998428345;2.441664934158325;-433.0;15;5;0;20;-49.0;48.0;-36;28;0.18368202463239852;36.99686677732965;0.8376428967354452;19.685112735093256
miblp_20_20_50_0110_5_20;-436.0;INGC+DC;False;False;True;1124;36.85363268852234;24.04057288169861;26;0;10059;411;0;36.48730444908142;2.2352662086486816;0.018794775009155273;26.300538778305054;0.018972158432006836;0.5759365558624268;1.9820880889892578;0.02347874641418457;1.168687105178833;1.254181146621704;3.0249431133270264;1.3667497634887695;0.00751805305480957;1.9324686527252197;14.945515394210815;0.0;14.93970775604248;2.12664794921875;-436.0;15;5;0;20;-49.0;48.0;-36;28;0.18368202463239852;36.99686677732965;0.8376428967354452;19.685112735093256
miblp_20_20_50_0110_5_20;-436.0;INGC+DC;False;False;True;1124;37.075066566467285;24.33885884284973;26;0;10059;411;0;36.707237005233765;2.1609153747558594;0.018746137619018555;26.57470464706421;0.018819332122802734;0.5698060989379883;1.956739902496338;0.023435354232788086;1.531615972518921;1.2350783348083496;3.1039750576019287;1.3688580989837646;0.007174968719482422;1.907710075378418;14.851491451263428;0.0;14.845710515975952;2.1095027923583984;-436.0;15;5;0;20;-49.0;48.0;-36;28;0.18368202463239852;36.99686677732965;0.8376428967354452;19.685112735093256
miblp_20_20_50_0110_5_20;-436.0;INGC+DC;False;False;True;1124;34.66241455078125;22.39013433456421;26;0;10059;411;0;34.3232262134552;1.9496221542358398;0.016670942306518555;25.480561017990112;0.01490640640258789;0.5474541187286377;1.8009564876556396;0.017323017120361328;1.3962531089782715;1.1984772682189941;3.0803215503692627;1.246492862701416;0.009840726852416992;1.8505990505218506;14.317936420440674;0.0;14.312744379043579;2.040464162826538;-436.0;15;5;0;20;-49.0;48.0;-36;28;0.18368202463239852;36.99686677732965;0.8376428967354452;19.685112735093256
miblp_20_20_50_0110_5_20;Internal error: Model<docplex_model442> did not solve successfully;INGC+DC;False;False;True;0;7.9965996742248535;5.158575057983398;7;0;2226;84;0;7.8501880168914795;0.4230539798736572;0.003728151321411133;5.835475444793701;0.01795196533203125;0.12268185615539551;0.40624117851257324;0.019871234893798828;0.3004598617553711;0.2637045383453369;0.6481213569641113;0.3040306568145752;0.009089469909667969;0.42348647117614746;3.3198368549346924;nan;3.3185689449310303;0.4805443286895752;nan;15;5;0;20;-49.0;48.0;-36;28;0.18368202463239852;36.99686677732965;0.8376428967354452;19.685112735093256
miblp_20_20_50_0110_5_20;-436.0;INGC+DC;False;False;True;1124;35.74827551841736;22.9241886138916;26;0;10059;411;0;35.402262926101685;2.0267245769500732;0.017788410186767578;26.342467546463013;0.018453359603881836;0.5752220153808594;1.8712265491485596;0.01628589630126953;1.2884788513183594;1.250542402267456;3.141568422317505;1.2911133766174316;0.010325431823730469;1.9232292175292969;14.956022024154663;0.0;14.949861526489258;2.125774621963501;-436.0;15;5;0;20;-49.0;48.0;-36;28;0.18368202463239852;36.99686677732965;0.8376428967354452;19.685112735093256
miblp_20_20_50_0110_5_20;Internal error: Model<docplex_model442> did not solve successfully;INGC+DC;False;False;True;0;3.6738288402557373;3.6738288402557373;0;200;0;0;0;3.5219855308532715;0.80472731590271;0.028377532958984375;1.9477567672729492;0.01835918426513672;0.21818327903747559;0.7605373859405518;0.01853322982788086;0.5260775089263916;0.3988773822784424;0;0;0.0071887969970703125;0;0;nan;0;0;nan;15;5;0;20;-49.0;48.0;-36;28;0.18368202463239852;36.99686677732965;0.8376428967354452;19.685112735093256
miblp_20_20_50_0110_5_20;aborted;INGC+DC;False;False;True;63;2.78971004486084;1.5813560485839844;9;0;819;13;0;2.702819347381592;0.08598852157592773;0.0029609203338623047;2.342705726623535;0.01582169532775879;0.02647542953491211;0.10075974464416504;0.015703439712524414;0.05859017372131348;0.09622955322265625;0.2657284736633301;0.15064573287963867;0.01166391372680664;0.14365887641906738;1.4574286937713623;33.397511848118526;1.4570848941802979;0.24873089790344238;-515.9626777251176;15;5;0;20;-49.0;48.0;-36;28;0.18368202463239852;36.99686677732965;0.8376428967354452;19.685112735093256
miblp_20_20_50_0110_5_20;-436.0;INGC+DC;False;False;True;1124;35.088632345199585;22.355554580688477;26;0;10059;411;0;34.74302339553833;2.024329423904419;0.016789674758911133;25.740801334381104;0.016807079315185547;0.5684971809387207;1.8474235534667969;0.01583242416381836;0.9865415096282959;1.1788101196289062;3.095371723175049;1.2782800197601318;0.010021448135375977;1.8980648517608643;14.845151424407959;0.0;14.839528799057007;2.1064510345458984;-436.0;15;5;0;20;-49.0;48.0;-36;28;0.18368202463239852;36.99686677732965;0.8376428967354452;19.685112735093256
miblp_20_20_50_0110_5_20;aborted;INGC+DC;False;False;True;252;7.384579658508301;4.63582706451416;8;0;2646;102;0;7.24923849105835;0.41034650802612305;0.0031681060791015625;5.660170793533325;0.013148784637451172;0.12559890747070312;0.40779781341552734;0.011737823486328125;0.21399664878845215;0.25813746452331543;0.6746397018432617;0.28098225593566895;0.01809835433959961;0.4052598476409912;3.2507731914520264;0.21402982994140282;3.249661684036255;0.5009090900421143;-515.9626777251176;15;5;0;20;-49.0;48.0;-36;28;0.18368202463239852;36.99686677732965;0.8376428967354452;19.685112735093256
miblp_20_20_50_0110_5_20;-436.0;INGC+DC;False;False;True;1124;30.52852177619934;19.416847705841064;26;0;10059;411;0;30.216936349868774;1.7502717971801758;0.015558719635009766;22.763458251953125;0.013456106185913086;0.5228843688964844;1.7257039546966553;0.012717247009277344;0.9129304885864258;1.0805280208587646;2.6499435901641846;1.1376192569732666;0.009581804275512695;1.6532838344573975;13.044809579849243;0.0;13.039784669876099;1.9281105995178223;-436.0;15;5;0;20;-49.0;48.0;-36;28;0.18368202463239852;36.99686677732965;0.8376428967354452;19.685112735093256
miblp_20_20_50_0110_5_20;Internal error: name 'error' is not defined;INGC+DC;False;False;True;0;0.08720755577087402;0.08720755577087402;0;0;0;0;0;0;0.004530191421508789;4.0531158447265625e-06;0.05312967300415039;0.014046430587768555;0.001516103744506836;0.006249666213989258;0.015232563018798828;0.004120349884033203;0.004125118255615234;0;0;0.007839441299438477;0;0;nan;0;0;nan;15;5;0;20;-49.0;48.0;-36;28;0.18368202463239852;36.99686677732965;0.8376428967354452;19.685112735093256
miblp_20_20_50_0110_5_13;-519.0;INGC+DC;False;False;True;37328;672.0446548461914;436.60655188560486;73;7736;159537;7408;0;663.7366251945496;55.97872519493103;1.3371102809906006;477.54835653305054;0.01507115364074707;15.685935735702515;48.05020546913147;0.017261266708374023;28.779377222061157;32.82957482337952;42.00814437866211;16.34784245491028;0.0235135555267334;26.824474334716797;266.96695613861084;0.0;266.8818962574005;31.443793296813965;-519.0;15;5;0;20;-48.0;49.0;-31;22;0.17784109984455582;24.107318433741582;-1.2676552037309427e-15;24.06681797293296
miblp_20_20_50_0110_5_13;-690.0;INGC;False;False;True;102020;823.9434714317322;823.9434714317322;0;82110;0;0;0;800.3799002170563;296.1318907737732;11.171629667282104;263.0363459587097;0.014778852462768555;77.61718845367432;185.38045835494995;0.01774311065673828;0;0;0;0;0.006177186965942383;0;0;0.0;0;0;-690.0;15;5;0;20;-48.0;49.0;-31;22;0.17784109984455582;24.107318433741582;-1.2676552037309427e-15;24.06681797293296
miblp_20_20_50_0110_5_13;-690.0;INGC;False;False;True;102020;824.95241355896;824.95241355896;0;82110;0;0;0;801.5036580562592;294.0034747123718;11.568660259246826;265.86207818984985;0.02029871940612793;78.21214151382446;187.60397124290466;0.018645286560058594;0;0;0;0;0.007021427154541016;0;0;0.0;0;0;-690.0;15;5;0;20;-48.0;49.0;-31;22;0.17784109984455582;24.107318433741582;-1.2676552037309427e-15;24.06681797293296
miblp_20_20_50_0110_5_13;Internal error: Model<docplex_model292212> did not solve successfully;INGC;False;False;True;0;12.260636568069458;12.260636568069458;0;1217;0;0;0;11.753305196762085;4.332595109939575;0.16506648063659668;3.9237430095672607;0.01821732521057129;1.151508092880249;2.6753687858581543;0.07128596305847168;0;0;0;0;0.007362842559814453;0;0;nan;0;0;nan;15;5;0;20;-48.0;49.0;-31;22;0.17784109984455582;24.107318433741582;-1.2676552037309427e-15;24.06681797293296
miblp_20_20_50_0110_5_13;Internal error: name 'err' is not defined;INGC;False;False;True;0;1021.4483559131622;1021.4483559131622;0;81862;0;0;0;991.0093574523926;348.50832748413086;13.456908226013184;326.0882239341736;0.014556884765625;99.50900840759277;226.53170895576477;0.01794290542602539;0;0;0;0;0.015006780624389648;0;0;nan;0;0;nan;15;5;0;20;-48.0;49.0;-31;22;0.17784109984455582;24.107318433741582;-1.2676552037309427e-15;24.06681797293296
miblp_20_20_50_0110_5_13;Internal error: name 'err' is not defined;INGC;False;False;True;0;1062.3299901485443;1062.3299901485443;0;81862;0;0;0;1032.3041694164276;367.62001490592957;13.266407012939453;332.43161487579346;0.021409034729003906;99.47169160842896;232.91078162193298;0.02155447006225586;0;0;0;0;0.006178140640258789;0;0;nan;0;0;nan;15;5;0;20;-48.0;49.0;-31;22;0.17784109984455582;24.107318433741582;-1.2676552037309427e-15;24.06681797293296
miblp_20_20_50_0110_5_13;Internal error: name 'err' is not defined;INGC;False;False;True;0;1020.0275597572327;1020.0275597572327;0;81970;0;0;0;991.2846925258636;352.8008563518524;13.126343965530396;318.13923740386963;0.028511762619018555;94.4309229850769;223.6434886455536;0.029342174530029297;0;0;0;0;0.006971836090087891;0;0;nan;0;0;nan;15;5;0;20;-48.0;49.0;-31;22;0.17784109984455582;24.107318433741582;-1.2676552037309427e-15;24.06681797293296
miblp_20_20_50_0110_5_13;-690.0;INGC;False;False;True;102020;1074.5839626789093;1074.5839626789093;0;82110;0;0;0;1044.3589441776276;369.6621890068054;13.732442617416382;337.62227177619934;0.033420562744140625;100.04668736457825;237.49971294403076;0.034711599349975586;0;0;0;0;0.00773930549621582;0;0;0.0;0;0;-690.0;15;5;0;20;-48.0;49.0;-31;22;0.17784109984455582;24.107318433741582;-1.2676552037309427e-15;24.06681797293296
miblp_20_20_50_0110_5_13;-690.0;INGC;False;False;True;102020;850.5938718318939;850.5938718318939;0;82110;0;0;0;827.9186654090881;311.92768025398254;10.777451038360596;265.09693026542664;0.02416539192199707;77.91908931732178;187.12266159057617;0.024010658264160156;0;0;0;0;0.007003307342529297;0;0;0.0;0;0;-690.0;15;5;0;20;-48.0;49.0;-31;22;0.17784109984455582;24.107318433741582;-1.2676552037309427e-15;24.06681797293296
miblp_20_20_50_0110_5_13;-690.0;INGC;False;False;True;102020;969.9352402687073;969.9352402687073;0;82110;0;0;0;943.3272707462311;352.14881229400635;12.346940994262695;306.70318150520325;0.010200262069702148;91.84337258338928;214.8196005821228;0.012815237045288086;0;0;0;0;0.017192840576171875;0;0;0.0;0;0;-690.0;15;5;0;20;-48.0;49.0;-31;22;0.17784109984455582;24.107318433741582;-1.2676552037309427e-15;24.06681797293296
miblp_20_20_50_0110_5_13;Internal error: <lambda>() missing 10 required positional arguments: 'id', 'has_incumbent', 'current_objective', 'best_bound', 'mip_gap', 'current_nb_iterations', 'current_nb_nodes', 'remaining_nb_nodes', 'time', and 'det_time';INGC;False;False;True;0;0.11426448822021484;0.11426448822021484;0;0;0;0;0;0;0;0;0.034667253494262695;0.013635635375976562;0;0;0.012089729309082031;0;0;0;0;0.008941888809204102;0;0;nan;0;0;nan;15;5;0;20;-48.0;49.0;-31;22;0.17784109984455582;24.107318433741582;-1.2676552037309427e-15;24.06681797293296
miblp_20_20_50_0110_5_13;aborted;INGC;False;False;True;1849;18.261155605316162;18.261155605316162;0;1452;0;0;0;17.62856411933899;7.404833078384399;0.22324156761169434;5.333935260772705;0.014578819274902344;1.6369800567626953;3.662431478500366;0.013792991638183594;0;0;0;0;0.006151914596557617;0;0;3.777997477897558;0;0;-726.2556166408066;15;5;0;20;-48.0;49.0;-31;22;0.17784109984455582;24.107318433741582;-1.2676552037309427e-15;24.06681797293296
miblp_20_20_50_0110_5_13;Internal error: '_collections._tuplegetter' object is not callable;INGC;False;False;True;0;0.1178903579711914;0.1178903579711914;0;0;0;0;0;0;0;0;0.03671383857727051;0.013962030410766602;0;0;0.013381004333496094;0;0;0;0;0.009370803833007812;0;0;nan;0;0;nan;15;5;0;20;-48.0;49.0;-31;22;0.17784109984455582;24.107318433741582;-1.2676552037309427e-15;24.06681797293296
miblp_20_20_50_0110_5_13;Internal error: '_collections._tuplegetter' object has no attribute 'value';INGC;False;False;True;0;0.13948822021484375;0.13948822021484375;0;0;0;0;0;0;0;0;0.038503408432006836;0.015153646469116211;0;0;0.016425132751464844;0;0;0;0;0.006924629211425781;0;0;nan;0;0;nan;15;5;0;20;-48.0;49.0;-31;22;0.17784109984455582;24.107318433741582;-1.2676552037309427e-15;24.06681797293296
miblp_20_20_50_0110_5_13;-690.0;INGC;False;False;True;102020;1040.7665598392487;1040.7665598392487;0;82110;0;0;0;1001.4520282745361;368.37283396720886;13.234786748886108;327.7803041934967;0.013735771179199219;97.99188232421875;229.75342321395874;0.014989852905273438;0;0;0;0;0.006273031234741211;0;0;0.0;0;0;-690.0;15;5;0;20;-48.0;49.0;-31;22;0.17784109984455582;24.107318433741582;-1.2676552037309427e-15;24.06681797293296
miblp_20_20_50_0110_5_13;-690.0;INGC;False;False;True;102020;1017.3115401268005;1017.3115401268005;0;82110;0;0;0;961.175270318985;358.2746877670288;12.85645055770874;317.5051281452179;0.01338052749633789;96.2167136669159;221.25354313850403;0.01250767707824707;0;0;0;0;0.008983135223388672;0;0;0.0;0;0;-690.0;15;5;0;20;-48.0;49.0;-31;22;0.17784109984455582;24.107318433741582;-1.2676552037309427e-15;24.06681797293296
miblp_20_20_50_0110_5_13;aborted;INGC;False;False;True;997;9.354382991790771;9.354382991790771;0;791;0;0;0;8.534873008728027;3.237684488296509;0.11310434341430664;2.8265764713287354;0.013720989227294922;0.846627950668335;1.9434738159179688;0.01638197898864746;0;0;0;0;0.006371736526489258;0;0;3.777997477897558;0;0;-726.2556166408066;15;5;0;20;-48.0;49.0;-31;22;0.17784109984455582;24.107318433741582;-1.2676552037309427e-15;24.06681797293296
miblp_20_20_50_0110_5_13;-690.0;INGC;False;False;True;102020;1097.3043758869171;1097.3043758869171;0;82110;0;0;0;1015.565756559372;373.070237159729;13.801085948944092;342.3398816585541;0.01358175277709961;101.65894556045532;240.6446053981781;0.012949943542480469;0;0;0;0;0.009799003601074219;0;0;0.0;0;0;-690.0;15;5;0;20;-48.0;49.0;-31;22;0.17784109984455582;24.107318433741582;-1.2676552037309427e-15;24.06681797293296
miblp_20_20_50_0110_5_13;aborted;INGC;False;False;True;3215;29.93706226348877;29.93706226348877;0;2624;0;0;0;27.62362027168274;10.251126289367676;0.36916518211364746;9.31015157699585;0.014805078506469727;2.8159923553466797;6.45890998840332;0.01421356201171875;0;0;0;0;0.006230592727661133;0;0;2.968609926997321;0;0;-726.2556166408066;15;5;0;20;-48.0;49.0;-31;22;0.17784109984455582;24.107318433741582;-1.2676552037309427e-15;24.06681797293296
miblp_20_20_50_0110_5_13;aborted;INGC;False;False;True;2346;21.348509311676025;21.348509311676025;0;1875;0;0;0;19.65422487258911;7.3665266036987305;0.25962376594543457;6.472302198410034;0.014945268630981445;1.9839599132537842;4.450639963150024;0.013624906539916992;0;0;0;0;0.009132146835327148;0;0;2.968609926997321;0;0;-726.2556166408066;15;5;0;20;-48.0;49.0;-31;22;0.17784109984455582;24.107318433741582;-1.2676552037309427e-15;24.06681797293296
miblp_20_20_50_0110_5_13;Internal error: Model<docplex_model2> did not solve successfully;INGC;False;False;True;0;8.862264394760132;8.862264394760132;0;735;0;0;0;8.093894004821777;3.020068883895874;0.10924148559570312;2.709913969039917;0.014072895050048828;0.8392817974090576;1.8339192867279053;0.013218164443969727;0;0;0;0;0.009421825408935547;0;0;nan;0;0;nan;15;5;0;20;-48.0;49.0;-31;22;0.17784109984455582;24.107318433741582;-1.2676552037309427e-15;24.06681797293296
miblp_20_20_50_0110_5_13;Internal error: name 'err' is not defined;INGC;False;False;True;0;0.14413857460021973;0.14413857460021973;0;1;0;0;0;0.010582685470581055;0.003847837448120117;3.0994415283203125e-06;0.04195213317871094;0.014731407165527344;0.001249551773071289;0.002574920654296875;0.014004230499267578;0;0;0;0;0.009392023086547852;0;0;nan;0;0;nan;15;5;0;20;-48.0;49.0;-31;22;0.17784109984455582;24.107318433741582;-1.2676552037309427e-15;24.06681797293296
miblp_20_20_50_0110_5_13;time limit exceeded;INGC;False;False;True;650892;7200.071422338486;7200.071422338486;0;541783;0;0;0;6679.269983768463;2476.3956818580627;88.85532879829407;2217.3799567222595;0.01860785484313965;649.2727224826813;1568.0580475330353;0.019860029220581055;0;0;0;0;0.010718822479248047;0;0;1.6282035990154424;0;0;-725.3841933284249;15;5;0;20;-48.0;49.0;-31;22;0.17784109984455582;24.107318433741582;-1.2676552037309427e-15;24.06681797293296
miblp_20_20_50_0110_5_13;-519.0;INGC;False;False;True;4317463;48468.57635784149;48468.57635784149;0;3445037;0;0;0;44819.56275486946;16738.005937099457;577.6638507843018;14741.381242752075;0.05982327461242676;4163.498065471649;10577.763384342194;0.05363821983337402;0;0;0;0;0.006331443786621094;0;0;0.0;0;0;-519.0;15;5;0;20;-48.0;49.0;-31;22;0.17784109984455582;24.107318433741582;-1.2676552037309427e-15;24.06681797293296
miblp_20_20_50_0110_5_13;-690.0;INGC;False;False;True;102020;1069.1492307186127;1069.1492307186127;0;82110;0;0;0;990.509149312973;364.9955928325653;13.0018949508667;326.57875061035156;0.015260696411132812;97.2024176120758;229.337486743927;0.014426946640014648;0;0;0;0;0.009158611297607422;0;0;0.0;0;0;-690.0;15;5;0;20;-48.0;49.0;-31;22;0.17784109984455582;24.107318433741582;-1.2676552037309427e-15;24.06681797293296
miblp_20_20_50_0110_5_13;aborted;INGC;False;False;True;2149;19.14023756980896;19.14023756980896;0;1703;0;0;0;17.591045379638672;6.561874151229858;0.23344039916992188;5.860048532485962;0.06569194793701172;1.761420726776123;4.0103418827056885;0.01589035987854004;0;0;0;0;0.006703615188598633;0;0;3.348836027787256;0;0;-726.2556166408066;15;5;0;20;-48.0;49.0;-31;22;0.17784109984455582;24.107318433741582;-1.2676552037309427e-15;24.06681797293296
miblp_20_20_50_0110_5_13;Internal error: name 'err' is not defined;INGC;False;False;True;0;1049.241129875183;1049.241129875183;0;80621;0;0;0;972.5623710155487;358.6259078979492;13.099482774734497;321.423033952713;0.015514373779296875;95.6176381111145;225.7661325931549;0.014526128768920898;0;0;0;0;0.009222745895385742;0;0;nan;0;0;nan;15;5;0;20;-48.0;49.0;-31;22;0.17784109984455582;24.107318433741582;-1.2676552037309427e-15;24.06681797293296
miblp_20_20_50_0110_5_13;aborted;INGC;False;False;True;459018;5043.763206958771;5043.763206958771;0;384387;0;0;0;4679.582990646362;1715.8621616363525;62.5089545249939;1557.6562843322754;0.027819156646728516;463.73885893821716;1093.8552434444427;0.026976823806762695;0;0;0;0;0.007385969161987305;0;0;1.6282035990154424;0;0;-725.3841933284249;15;5;0;20;-48.0;49.0;-31;22;0.17784109984455582;24.107318433741582;-1.2676552037309427e-15;24.06681797293296
miblp_20_20_50_0110_5_13;Internal error: name 'err' is not defined;INGC;False;False;True;0;1063.6581835746765;1063.6581835746765;0;80621;0;0;0;986.6646308898926;368.2338652610779;12.973277568817139;322.7537536621094;0.015980958938598633;97.53768801689148;225.17393255233765;0.014680624008178711;0;0;0;0;0.01147150993347168;0;0;nan;0;0;nan;15;5;0;20;-48.0;49.0;-31;22;0.17784109984455582;24.107318433741582;-1.2676552037309427e-15;24.06681797293296
miblp_20_20_50_0110_5_13;Internal error: 'update_incumbent_callback_2' object has no attribute 'x_len';INGC;False;False;True;0;0.14135956764221191;0.14135956764221191;0;1;0;0;0;0.01055145263671875;0.0037453174591064453;3.5762786865234375e-06;0.04410409927368164;0.01579737663269043;0.0013308525085449219;0.002531290054321289;0.014528751373291016;0;0;0;0;0.009915828704833984;0;0;nan;0;0;nan;15;5;0;20;-48.0;49.0;-31;22;0.17784109984455582;24.107318433741582;-1.2676552037309427e-15;24.06681797293296
miblp_20_20_50_0110_5_13;-690.0;INGC;False;False;True;102022;997.4204225540161;997.4204225540161;0;82110;0;0;0;940.5027770996094;348.6858081817627;12.56723952293396;309.3674998283386;0.016088008880615234;94.24057817459106;215.08756732940674;0.016339778900146484;0;0;0;0;0.006926536560058594;0;0;1.3092422718264666e-07;0;0;-690.0000903377168;15;5;0;20;-48.0;49.0;-31;22;0.17784109984455582;24.107318433741582;-1.2676552037309427e-15;24.06681797293296
miblp_20_20_50_0110_5_13;aborted;INGC;False;False;True;1608;15.349033832550049;15.349033832550049;0;1262;0;0;0;14.420071601867676;5.038985967636108;0.1866147518157959;4.551470518112183;0.014447689056396484;1.4026274681091309;3.1108644008636475;0.013773202896118164;0;0;0;0;0.009757757186889648;0;0;3.777997477897558;0;0;-726.2556166408066;15;5;0;20;-48.0;49.0;-31;22;0.17784109984455582;24.107318433741582;-1.2676552037309427e-15;24.06681797293296
miblp_20_20_50_0110_5_13;-690.0;INGC;False;False;True;102022;992.4285986423492;992.4285986423492;0;82110;0;0;0;936.9823815822601;347.1289737224579;12.35158634185791;307.0963385105133;0.015567302703857422;92.18066263198853;214.873437166214;0.016388416290283203;0;0;0;0;0.01028299331665039;0;0;1.3092422718264666e-07;0;0;-690.0000903377168;15;5;0;20;-48.0;49.0;-31;22;0.17784109984455582;24.107318433741582;-1.2676552037309427e-15;24.06681797293296
miblp_20_20_50_0110_5_13;-690.0;INGC;False;False;True;102022;1009.8714544773102;1009.8714544773102;0;82110;0;0;0;954.0574581623077;352.93181014060974;12.887451410293579;312.69498229026794;0.02994561195373535;94.4721987247467;218.14988589286804;0.03149914741516113;0;0;0;0;0.011452913284301758;0;0;1.3092422718264666e-07;0;0;-690.0000903377168;15;5;0;20;-48.0;49.0;-31;22;0.17784109984455582;24.107318433741582;-1.2676552037309427e-15;24.06681797293296
miblp_20_20_50_0110_5_13;-690.0;INGC;False;False;True;102022;1005.9460747241974;1005.9460747241974;0;82110;0;0;0;950.0305938720703;352.1397705078125;12.686630010604858;310.8645911216736;0.03569626808166504;93.06267404556274;217.71732544898987;0.04078817367553711;0;0;0;0;0.008107185363769531;0;0;1.3092422718264666e-07;0;0;-690.0000903377168;15;5;0;20;-48.0;49.0;-31;22;0.17784109984455582;24.107318433741582;-1.2676552037309427e-15;24.06681797293296
miblp_20_20_50_0110_5_13;CPLEX Error  1217: No solution exists.;INGC;False;False;True;0;0.10569310188293457;0.10569310188293457;0;0;0;0;0;0;0;0;0.07658004760742188;0.034951210021972656;0;0;0.0351865291595459;0;0;0;0;0.00644230842590332;0;0;nan;0;0;nan;15;5;0;20;-48.0;49.0;-31;22;0.17784109984455582;24.107318433741582;-1.2676552037309427e-15;24.06681797293296
miblp_20_20_50_0110_5_13;CPLEX Error  1217: No solution exists.;INGC;False;False;True;0;0.11690545082092285;0.11690545082092285;0;0;0;0;0;0;0;0;0.09255075454711914;0.04299330711364746;0;0;0.041524648666381836;0;0;0;0;0.008032798767089844;0;0;nan;0;0;nan;15;5;0;20;-48.0;49.0;-31;22;0.17784109984455582;24.107318433741582;-1.2676552037309427e-15;24.06681797293296
miblp_20_20_50_0110_5_13;-690.0;INGC;False;False;True;102022;1161.6504695415497;1161.6504695415497;0;82110;0;0;0;1039.4599342346191;383.5554213523865;14.092684507369995;344.1401467323303;0.03787827491760254;101.94206595420837;242.11408257484436;0.03789377212524414;0;0;0;0;0.008226156234741211;0;0;1.3092422718264666e-07;0;0;-690.0000903377168;15;5;0;20;-48.0;49.0;-31;22;0.17784109984455582;24.107318433741582;-1.2676552037309427e-15;24.06681797293296
miblp_20_20_50_0110_5_13;Internal error: Model<docplex_model38> did not solve successfully;INGC;False;False;True;0;37.067041873931885;37.067041873931885;0;3125;0;0;0;35.3229341506958;13.096715927124023;0.46428918838500977;11.6422700881958;0.02964639663696289;3.387664556503296;8.18328595161438;0.03283381462097168;0;0;0;0;0.00883936882019043;0;0;nan;0;0;nan;15;5;0;20;-48.0;49.0;-31;22;0.17784109984455582;24.107318433741582;-1.2676552037309427e-15;24.06681797293296
miblp_20_20_50_0110_5_13;-690.0;INGC;False;False;True;102022;1022.8448650836945;1022.8448650836945;0;82110;0;0;0;967.0286045074463;363.3499975204468;12.538765668869019;311.84455585479736;0.014196634292602539;93.33164477348328;218.4678075313568;0.015704870223999023;0;0;0;0;0.015202045440673828;0;0;1.3092422718264666e-07;0;0;-690.0000903377168;15;5;0;20;-48.0;49.0;-31;22;0.17784109984455582;24.107318433741582;-1.2676552037309427e-15;24.06681797293296
miblp_20_20_50_0110_5_20;-432.0;INGC+DC;False;False;True;5813;160.0556914806366;99.27899432182312;30;30;50274;2303;0;153.80834913253784;8.835405349731445;0.1221466064453125;117.60540580749512;0.015050172805786133;2.6296045780181885;8.941859245300293;0.013687372207641602;4.520751953125;5.3913254737854;12.735525608062744;5.153898000717163;0.01761150360107422;7.979190111160278;70.20690178871155;0;0.0;70.18573141098022;9.409034252166748;0;-432.0;15;5;0;20;-49.0;48.0;-36;28;0.18368202463239852;36.99686677732965;0.8376428967354452;19.685112735093256
miblp_20_20_50_0110_5_20;-436.0;INGC;False;False;True;751215;5224.861611366272;5224.861611366272;0;445491;0;0;0;4827.465250492096;1628.690479516983;58.94828176498413;1953.698693037033;0.014084577560424805;441.43577098846436;1512.2488374710083;0;0;0;0;0;0;0;0;0;0.0;0;0;0;-436.0;15;5;0;20;-49.0;48.0;-36;28;0.18368202463239852;36.99686677732965;0.8376428967354452;19.685112735093256
miblp_20_20_50_0110_5_20;-432.0;INGC+DC;False;False;True;5813;169.5100748538971;106.509601354599;30;30;50274;2303;0;163.09711360931396;9.253787517547607;0.13586878776550293;122.20963263511658;0.017789363861083984;2.6999597549438477;9.178010940551758;0.016260385513305664;4.709787368774414;5.592782974243164;13.536270380020142;5.3656697273254395;0.006514549255371094;8.356014251708984;72.73057293891907;0;0.0;72.70219945907593;9.701725959777832;0;-432.0;15;5;0;20;-49.0;48.0;-36;28;0.18368202463239852;36.99686677732965;0.8376428967354452;19.685112735093256
miblp_20_20_50_0110_5_20;-432.0;INGC+DC;False;False;True;5813;174.92847514152527;110.23579788208008;30;30;50274;2303;0;168.38031315803528;9.570409774780273;0.1450791358947754;125.7816870212555;0.016211509704589844;2.785041570663452;9.430488586425781;0.01653885841369629;4.808794021606445;5.762057065963745;14.00829267501831;5.596508502960205;0.006993532180786133;8.609756469726562;74.74100422859192;0;0.0;74.71333026885986;10.020653009414673;0;-432.0;15;5;0;20;-49.0;48.0;-36;28;0.18368202463239852;36.99686677732965;0.8376428967354452;19.685112735093256
miblp_20_20_50_0110_5_20;-432.0;INGC+DC;False;False;True;5813;167.74598264694214;106.4154109954834;30;30;50274;2303;0;161.3634693622589;9.106738328933716;0.13299322128295898;119.76683282852173;0.015860319137573242;2.628889560699463;9.18263292312622;0.01838207244873047;4.554903745651245;5.514116048812866;13.347108602523804;5.368948459625244;0.006441593170166016;8.27871322631836;70.85083627700806;0;0.0;70.82445406913757;9.493882417678833;0;-432.0;15;5;0;20;-49.0;48.0;-36;28;0.18368202463239852;36.99686677732965;0.8376428967354452;19.685112735093256
miblp_20_20_50_0110_5_20;-432.0;INGC+DC;False;False;True;5813;169.5585265159607;107.49774193763733;30;30;50274;2303;0;163.12162065505981;9.060969591140747;0.13349652290344238;121.35275053977966;0.016695261001586914;2.651507616043091;9.346419095993042;0.01615619659423828;4.645968914031982;5.585506916046143;13.601861715316772;5.4452643394470215;0.006873607635498047;8.3034029006958;71.73309397697449;0;0.0;71.70744848251343;9.646663904190063;0;-432.0;15;5;0;20;-49.0;48.0;-36;28;0.18368202463239852;36.99686677732965;0.8376428967354452;19.685112735093256
miblp_20_20_50_0110_5_20;-432.0;INGC+DC;False;False;True;5813;175.6184208393097;111.53612637519836;30;30;50274;2303;0;168.95250725746155;9.551126718521118;0.13806891441345215;125.30046963691711;0.016983747482299805;2.749504327774048;9.66073489189148;0.01801443099975586;4.773524522781372;5.753051280975342;13.92537260055542;5.684204816818237;0.0075299739837646484;8.613538980484009;74.09801006317139;0;0.0;74.06971287727356;9.987418413162231;0;-432.0;15;5;0;20;-49.0;48.0;-36;28;0.18368202463239852;36.99686677732965;0.8376428967354452;19.685112735093256
miblp_20_20_50_0110_5_20;aborted;INGC+DC;False;False;True;3640;117.41074848175049;75.76159930229187;31;30;32130;1438;0;112.61531066894531;6.367597579956055;0.1054079532623291;83.52675938606262;0.022019147872924805;1.8441429138183594;6.312162399291992;0.02384662628173828;3.2086334228515625;3.918125867843628;9.639343023300171;4.006960391998291;0.012443304061889648;6.023161888122559;48.51592040061951;0;0.43243414250242335;48.497286796569824;6.848137617111206;0;-515.6762913009156;15;5;0;20;-49.0;48.0;-36;28;0.18368202463239852;36.99686677732965;0.8376428967354452;19.685112735093256
miblp_20_20_50_0110_5_20;Internal error: 'my_callback' object has no attribute 'old_x_x_node_bounds';INGC+DC;False;False;True;0;151.6009237766266;96.86491465568542;30;30;45213;2062;0;145.8365020751953;8.53700041770935;0.11788749694824219;108.2505407333374;0.014755487442016602;2.3697009086608887;8.136072158813477;0.014565467834472656;4.108561754226685;4.956804513931274;12.271384716033936;5.047639608383179;0.009657621383666992;7.703500747680664;63.617897748947144;0;nan;63.59159255027771;8.855583429336548;0;nan;15;5;0;20;-49.0;48.0;-36;28;0.18368202463239852;36.99686677732965;0.8376428967354452;19.685112735093256
miblp_20_20_50_0110_5_20;Internal error: list index out of range;INGC+DC;False;False;True;0;160.13898372650146;103.10714912414551;30;30;45213;2062;0;154.24400854110718;8.586336851119995;0.12124371528625488;113.655681848526;0.0169680118560791;2.431650161743164;8.363164186477661;0.017096281051635742;4.199437856674194;5.143685579299927;13.115679264068604;5.437556266784668;0.0070934295654296875;8.346709489822388;66.57664132118225;0;nan;66.55183005332947;9.51999545097351;0;nan;15;5;0;20;-49.0;48.0;-36;28;0.18368202463239852;36.99686677732965;0.8376428967354452;19.685112735093256
miblp_20_20_50_0110_5_20;-436.0;INGC+DC;False;False;True;1106116;1618.2720956802368;1368.5074093341827;142;61;215712;9930;0;723.3036921024323;40.97444701194763;0.8476557731628418;522.817446231842;0.017342805862426758;11.747059106826782;40.88388967514038;0.01820063591003418;20.139092445373535;24.77075695991516;64.48959517478943;26.239237785339355;0.007221698760986328;40.16077446937561;294.34427547454834;0;1.3194873797754704e-09;294.21164774894714;44.446961402893066;0;-435.9999998787961;15;5;0;20;-49.0;48.0;-36;28;0.18368202463239852;36.99686677732965;0.8376428967354452;19.685112735093256
miblp_20_20_50_0110_5_20;-432.0;INGC+DC;False;False;True;5813;183.50796627998352;118.38901972770691;30;30;50274;2303;0;176.97901797294617;9.943366527557373;0.13831210136413574;129.66323947906494;0.017667531967163086;2.717078924179077;9.6676344871521;0.018620967864990234;4.702717542648315;5.881127834320068;14.990352153778076;6.375900030136108;0.007599830627441406;9.357877254486084;75.92666292190552;0;0.0;75.89788031578064;10.778933763504028;0;-432.0;15;5;0;20;-49.0;48.0;-36;28;0.18368202463239852;36.99686677732965;0.8376428967354452;19.685112735093256
miblp_20_20_50_0110_5_20;-436.0;INGC+DC;False;False;True;1106116;1632.2247490882874;1377.807454109192;142;61;215712;9930;0;737.8940863609314;43.473769426345825;0.8705592155456543;530.9081523418427;0.01816725730895996;12.076761960983276;40.95171570777893;0.018883228302001953;20.44910740852356;25.3891019821167;65.10890126228333;27.179073810577393;0.0072939395904541016;40.27513313293457;299.4340126514435;0;1.3194873797754704e-09;299.3018765449524;44.884581565856934;0;-435.9999998787961;15;5;0;20;-49.0;48.0;-36;28;0.18368202463239852;36.99686677732965;0.8376428967354452;19.685112735093256
miblp_20_20_50_0110_5_20;-432.0;INGC+DC;False;False;True;5813;186.41629552841187;120.29372787475586;30;30;50274;2303;0;179.86902165412903;10.099548578262329;0.13930296897888184;131.45866751670837;0.018509387969970703;2.832690715789795;9.807598352432251;0.019217252731323242;4.782926797866821;6.016440153121948;14.990699291229248;6.454777002334595;0.007576704025268555;9.480735301971436;77.04749655723572;0;0.0;77.01406526565552;10.891497611999512;0;-432.0;15;5;0;20;-49.0;48.0;-36;28;0.18368202463239852;36.99686677732965;0.8376428967354452;19.685112735093256
miblp_20_20_50_0110_5_20;-432.0;INGC+DC;False;False;True;5813;188.2554576396942;120.84252953529358;30;30;50274;2303;0;181.60597896575928;10.044275522232056;0.14757037162780762;133.2390193939209;0.01967597007751465;2.767657995223999;9.759971618652344;0.025695323944091797;4.829458236694336;6.066742897033691;15.338773012161255;6.418386936187744;0.011635303497314453;9.58278512954712;78.41823697090149;0;0.0;78.38599967956543;10.973071575164795;0;-432.0;15;5;0;20;-49.0;48.0;-36;28;0.18368202463239852;36.99686677732965;0.8376428967354452;19.685112735093256
miblp_20_20_50_0110_5_20;aborted;INGC+DC;False;False;True;523;20.570767641067505;13.668771028518677;12;3;5691;240;0;19.57411766052246;1.1620862483978271;0.015932798385620117;14.2867910861969;0.024411678314208984;0.3025698661804199;1.073019027709961;0.02524423599243164;0.5221397876739502;0.6724731922149658;1.6708879470825195;0.809741735458374;0.009589195251464844;1.0631272792816162;8.113587141036987;0;1.578381456503789;8.110315084457397;1.2083184719085693;0;-515.6762913009156;15;5;0;20;-49.0;48.0;-36;28;0.18368202463239852;36.99686677732965;0.8376428967354452;19.685112735093256
miblp_20_20_50_0110_5_20;-432.0;INGC+DC;False;False;True;5929;184.33854913711548;116.51125478744507;30;30;51366;2355;0;177.7232630252838;9.376142740249634;0.13270139694213867;132.78305077552795;0.015841245651245117;2.8053689002990723;9.419616222381592;0.015789270401000977;4.886977434158325;5.7467405796051025;15.22335934638977;6.145565032958984;0.009714841842651367;9.567586660385132;78.94649124145508;0;0.0;78.91954135894775;11.092247009277344;0;-432.0;15;5;0;20;-49.0;48.0;-36;28;0.18368202463239852;36.99686677732965;0.8376428967354452;19.685112735093256
miblp_20_20_50_0110_5_20;-432.0;INGC+DC;False;False;True;5813;181.5918905735016;116.1168475151062;30;30;50274;2303;0;175.27813935279846;9.020668745040894;0.12636661529541016;128.6596314907074;0.017792701721191406;2.676461935043335;9.011995553970337;0.018414735794067383;4.664055585861206;5.46800684928894;14.882550954818726;5.995948314666748;0.007578611373901367;9.417915344238281;76.49891090393066;0;0.0;76.47158527374268;10.99654221534729;0;-432.0;15;5;0;20;-49.0;48.0;-36;28;0.18368202463239852;36.99686677732965;0.8376428967354452;19.685112735093256
miblp_20_20_50_0110_5_20;-436.0;INGC+DC;False;False;True;363;10.840278625488281;6.8889641761779785;17;0;3192;106;0;10.291921854019165;0.5034594535827637;0.006700992584228516;7.792355537414551;0.020711898803710938;0.14995956420898438;0.4843130111694336;0.024403095245361328;0.24562883377075195;0.29662084579467773;0.8891386985778809;0.44854068756103516;0.011262893676757812;0.5797085762023926;4.6420674324035645;0;0.0;4.640578985214233;0.6892645359039307;0;-436.0;15;5;0;20;-49.0;48.0;-36;28;0.18368202463239852;36.99686677732965;0.8376428967354452;19.685112735093256
miblp_20_20_50_0110_5_20;-432.0;INGC+DC;False;False;True;5813;204.15537810325623;130.0761115550995;30;30;50274;2303;0;196.43497729301453;10.183413743972778;0.15393829345703125;142.9781813621521;0.018220186233520508;3.1015102863311768;10.687828779220581;0.01932811737060547;5.417455196380615;6.51659631729126;15.6566743850708;6.355935573577881;0.0075817108154296875;9.79786491394043;85.3991858959198;0;0.0;85.36834120750427;11.289074659347534;0;-432.0;15;5;0;20;-49.0;48.0;-36;28;0.18368202463239852;36.99686677732965;0.8376428967354452;19.685112735093256
miblp_20_20_50_0110_5_20;-432.0;INGC+DC;False;False;True;5813;183.81130456924438;117.52980995178223;30;30;50274;2303;0;177.43110466003418;9.16947078704834;0.13582062721252441;130.17566323280334;0.018856287002563477;2.7016656398773193;9.152296781539917;0.01934361457824707;4.680782079696655;5.538539171218872;15.114578485488892;6.073949098587036;0.0069043636322021484;9.511881113052368;77.35686659812927;0;0.0;77.33085989952087;11.049365282058716;0;-432.0;15;5;0;20;-49.0;48.0;-36;28;0.18368202463239852;36.99686677732965;0.8376428967354452;19.685112735093256
miblp_20_20_50_0110_5_20;aborted;INGC+DC;False;False;True;160;6.975452899932861;4.453847169876099;7;0;1932;72;0;6.541101455688477;0.32802796363830566;0.005251407623291016;5.02562952041626;0.014485836029052734;0.09779024124145508;0.31913161277770996;0.01453709602355957;0.17038631439208984;0.19847393035888672;0.609086275100708;0.27428722381591797;0.009487152099609375;0.3578979969024658;2.9600658416748047;0;1.6858140171913911;2.959014892578125;0.4374091625213623;0;-515.6762913009156;15;5;0;20;-49.0;48.0;-36;28;0.18368202463239852;36.99686677732965;0.8376428967354452;19.685112735093256
miblp_20_20_50_0110_5_20;-432.0;INGC+DC;False;False;True;5813;176.54618644714355;112.27484941482544;30;30;50274;2303;0;170.30923986434937;9.059702634811401;0.11913037300109863;126.7132818698883;0.015413761138916016;2.6048941612243652;8.931877136230469;0.01622152328491211;4.572356700897217;5.3781657218933105;14.901232242584229;5.877471923828125;0.010699987411499023;9.342100620269775;75.06284809112549;0;0.0;75.03828454017639;10.766947507858276;0;-432.0;15;5;0;20;-49.0;48.0;-36;28;0.18368202463239852;36.99686677732965;0.8376428967354452;19.685112735093256
miblp_20_20_50_0110_5_20;-432.0;INGC+DC;False;False;True;5919;172.2186713218689;110.6282320022583;30;30;47859;2188;0;165.93638467788696;8.618617057800293;0.12215471267700195;121.16712021827698;0.017978429794311523;2.4833643436431885;8.442655324935913;0.018486738204956055;4.293979644775391;5.055142879486084;14.225291967391968;5.651666641235352;0.007113456726074219;8.987763404846191;71.98367738723755;0;0.0;71.95837187767029;10.367932558059692;0;-432.0;15;5;0;20;-49.0;48.0;-36;28;0.18368202463239852;36.99686677732965;0.8376428967354452;19.685112735093256
