name;objective value;method;neighbour_node_pruning;smart_dc_verification;solve_cvp_globally;nodes;time;idealized_time;DCs;INGCs;Nr_total_CVPs;Nodes_pruned;Neighbour_nodes_pruned;cb_time;node_info_time;modify_cut_list_time;subproblems_time;ll_model_time;ll_modify_time;ll_solve_time;scoop_model_time;scoop_modify_time;scoop_solve_time;cgp_model_time;cgp_solve_time;cvp_model_time;cvp_modify_time;cvp_solve_time;NNP_time;rel_mip_gap;total_time_CVPs;idealized_time_CVPs;best_upper_bound;nr_UL_vars;nr_LL_vars;nr_UL_cnstrs;nr_LL_cnstrs;min_UL_obj_coeff;max_UL_obj_coeff;min_LL_obj_coeff;max_LL_obj_coeff;Q_eig_min;Q_eig_max;P_eig_min;P_eig_max
miblp_20_20_50_0110_5_5;-392.0;INGC+DC;True;False;True;104;1.5809767246246338;1.172544002532959;6;1;315;2;0;1.3254082202911377;0.07027745246887207;0.0011603832244873047;0.9332633018493652;0.05260801315307617;0.019921302795410156;0.06692671775817871;0.054558753967285156;0.018306732177734375;0.031095027923583984;0.09186339378356934;0.05548572540283203;0.007376670837402344;0.059346675872802734;0.47577428817749023;0.033097028732299805;0.0;0.4756317138671875;0.0671989917755127;-392.0;15;5;0;20;-44.0;46.0;-40;44;0.002392759462885195;63.793069585342266;0.04471949488992155;40.48298356125242
miblp_20_20_50_0110_5_5;-392.0;INGC+DC;False;False;True;103;1.5896873474121094;1.1813452243804932;6;1;315;2;0;1.3289241790771484;0.07985472679138184;0.0012140274047851562;0.9549665451049805;0.05535149574279785;0.022050857543945312;0.07003188133239746;0.05386543273925781;0.02045273780822754;0.03436875343322754;0.09580659866333008;0.05837893486022949;0.007029294967651367;0.0595095157623291;0.4781210422515869;0;0.0;0.4779646396636963;0.06962251663208008;-392.0;15;5;0;20;-44.0;46.0;-40;44;0.002392759462885195;63.793069585342266;0.04471949488992155;40.48298356125242
bmilplib_310_3;-182.0;INGC+DC;True;False;True;1470;84.07869124412537;70.90208864212036;2;0;1000;4;0;78.2784903049469;2.1262896060943604;0.005896091461181641;62.55909490585327;0.8961548805236816;12.80458664894104;0.1936473846435547;0.1759498119354248;19.191097259521484;0.15029096603393555;1.0755717754364014;0.14282464981079102;0.16350603103637695;14.387423038482666;13.378042459487915;14.037929058074951;0.0;13.377856731414795;0.20125412940979004;-182.0;310;310;124;124;-50.0;50.0;-50;50;0.0006152411636762767;159.2082700784348;0.00019732074056323006;199.3581901385578
bmilplib_310_3;-182.0;INGC+DC;False;False;True;2293;78.80365133285522;65.60906267166138;2;0;1000;4;0;70.5207028388977;3.0364108085632324;0.006360530853271484;69.78654789924622;2.871774435043335;14.407498359680176;0.1844959259033203;0.21555304527282715;22.77983331680298;0.12452483177185059;1.0584402084350586;0.1467146873474121;0.18180251121520996;14.420825719833374;13.395084857940674;0;0.0;13.394904851913452;0.2003161907196045;-182.0;310;310;124;124;-50.0;50.0;-50;50;0.0006152411636762767;159.2082700784348;0.00019732074056323006;199.3581901385578
miblp_20_20_50_0110_5_20;-436.0;INGC+DC;True;False;True;1111;73.15221047401428;60.76966094970703;27;0;10017;405;19;72.63975119590759;1.7649619579315186;0.017159223556518555;27.005427837371826;0.09920024871826172;0.510953426361084;1.6676383018493652;0.1114203929901123;0.8705921173095703;1.0527338981628418;4.957001447677612;1.3319346904754639;0.005012035369873047;1.8796935081481934;14.519247770309448;3.1697988510131836;0.0;14.513170957565308;2.1306214332580566;-436.0;15;5;0;20;-49.0;48.0;-36;28;0.18368202463239852;36.99686677732965;0.8376428967354452;19.685112735093256
miblp_20_20_50_0110_5_20;-436.0;INGC+DC;False;False;True;1124;49.895867586135864;37.53606677055359;26;0;10059;411;0;49.48210048675537;1.900249719619751;0.017472267150878906;25.494149923324585;0.052896976470947266;0.5211527347564697;1.723172903060913;0.052114009857177734;0.8855025768280029;1.0878500938415527;3.3037242889404297;1.3781988620758057;0.006529331207275391;1.9542176723480225;14.528790473937988;0;0.0;14.523287773132324;2.163486957550049;-436.0;15;5;0;20;-49.0;48.0;-36;28;0.18368202463239852;36.99686677732965;0.8376428967354452;19.685112735093256
bmilplib_310_3;-182.0;INGC+DC;False;False;True;1470;72.40682888031006;58.62857532501221;2;0;1000;4;0;65.78034710884094;1.1375453472137451;0.005875349044799805;66.13075137138367;0.8944306373596191;11.742428064346313;0.1863117218017578;1.149512529373169;20.38446831703186;0.13183093070983887;2.058357000350952;0.15357637405395508;0.191666841506958;14.283772468566895;14.954396486282349;0;0.0;14.954212665557861;1.1759591102600098;-182.0;310;310;124;124;-50.0;50.0;-50;50;0.0006152411636762767;159.2082700784348;0.00019732074056323006;199.3581901385578
bmilplib_310_3;Internal error: 'Model' object has no attribute 'get_objective_value';INGC+DC;False;False;True;0;5.30785608291626;5.30785608291626;0;0;0;0;0;0;1.993697166442871;4.291534423828125e-06;2.0785319805145264;0.932610034942627;0.7490966320037842;0.006720542907714844;0.20579242706298828;0;0;0;0;0.1843123435974121;0;0;0;nan;0;0;0;nan;310;310;124;124;-50.0;50.0;-50;50;0.0006152411636762767;159.2082700784348;0.00019732074056323006;199.3581901385578
miblp_20_20_50_0110_5_20;Internal error: 'float' object is not callable;INGC+DC;False;False;True;0;0.4499785900115967;0.4499785900115967;0;0;0;0;0;0;0.004635334014892578;4.5299530029296875e-06;0.2855522632598877;0.13550209999084473;0.0015392303466796875;0.005039215087890625;0.13561248779296875;0;0;0;0;0.007859230041503906;0;0;0;nan;0;0;0;nan;15;5;0;20;-49.0;48.0;-36;28;0.18368202463239852;36.99686677732965;0.8376428967354452;19.685112735093256
miblp_20_20_50_0110_5_20;Internal error: 'float' object is not callable;INGC+DC;False;False;True;0;0.23038029670715332;0.23038029670715332;0;0;0;0;0;0;0.005797386169433594;5.245208740234375e-06;0.1315155029296875;0.05552983283996582;0.0016276836395263672;0.005180835723876953;0.061730384826660156;0;0;0;0;0.007446765899658203;0;0;0;nan;0;0;0;nan;15;5;0;20;-49.0;48.0;-36;28;0.18368202463239852;36.99686677732965;0.8376428967354452;19.685112735093256
miblp_20_20_50_0110_5_20;Internal error: 'float' object is not callable;INGC+DC;False;False;True;0;0.2342970371246338;0.2342970371246338;0;0;0;0;0;0;0.004847049713134766;5.4836273193359375e-06;0.13216066360473633;0.05440783500671387;0.0020647048950195312;0.006901741027832031;0.061211347579956055;0;0;0;0;0.007575035095214844;0;0;0;nan;0;0;0;nan;15;5;0;20;-49.0;48.0;-36;28;0.18368202463239852;36.99686677732965;0.8376428967354452;19.685112735093256
miblp_20_20_50_0110_5_20;Internal error: Model<docplex_model2854> did not solve successfully;INGC+DC;False;False;True;0;11.253418684005737;8.522895336151123;7;0;2121;79;0;10.970656156539917;0.37998080253601074;0.0036334991455078125;5.768646955490112;0.059841156005859375;0.11485695838928223;0.3883950710296631;0.05733466148376465;0.18636369705200195;0.2257976531982422;0.8252861499786377;0.2972540855407715;0.006555318832397461;0.40958738327026367;3.1973748207092285;0;nan;3.196120023727417;0.46559667587280273;0;nan;15;5;0;20;-49.0;48.0;-36;28;0.18368202463239852;36.99686677732965;0.8376428967354452;19.685112735093256
miblp_20_20_50_0110_5_20;Internal error: Model<docplex_model2944> did not solve successfully;INGC+DC;False;False;True;0;11.219095230102539;8.533870697021484;7;0;2121;79;0;10.944050073623657;0.4056665897369385;0.0033431053161621094;5.655540227890015;0.052843570709228516;0.11528229713439941;0.3782651424407959;0.05776381492614746;0.20192742347717285;0.2285776138305664;0.7477490901947021;0.2850301265716553;0.007341623306274414;0.4203653335571289;3.1603941917419434;0;nan;3.15915846824646;0.4739339351654053;0;nan;15;5;0;20;-49.0;48.0;-36;28;0.18368202463239852;36.99686677732965;0.8376428967354452;19.685112735093256
miblp_20_20_50_0110_5_20;-436.0;INGC+DC;False;False;True;1124;53.615769147872925;40.963871240615845;26;0;10059;411;0;53.119251012802124;2.0410399436950684;0.01876544952392578;26.047585010528564;0.05497288703918457;0.5660140514373779;1.8433761596679688;0.055684804916381836;0.9978773593902588;1.1386566162109375;3.1794755458831787;1.3442656993865967;0.006999969482421875;1.9695675373077393;14.890694379806519;0;0.0;14.884800910949707;2.232903003692627;0;-436.0;15;5;0;20;-49.0;48.0;-36;28;0.18368202463239852;36.99686677732965;0.8376428967354452;19.685112735093256
bmilplib_310_3;-182.0;INGC+DC;False;False;True;1470;93.93784356117249;79.73895287513733;2;0;1000;4;0;86.9413537979126;1.1148383617401123;0.005891561508178711;62.646342754364014;1.9186129570007324;9.914281845092773;0.2236630916595459;0.17215275764465332;17.612967014312744;0.14362692832946777;2.1054322719573975;0.1457216739654541;0.18226265907287598;14.726662397384644;15.500959157943726;0;0.0;15.500708103179932;1.3018174171447754;0;-182.0;310;310;124;124;-50.0;50.0;-50;50;0.0006152411636762767;159.2082700784348;0.00019732074056323006;199.3581901385578
miblp_20_15_50_0110_10_1;-338.0;INGC+DC;True;False;True;917;83.59382724761963;77.40440106391907;8;0;6153;270;10;83.28557252883911;0.7946946620941162;0.007204771041870117;77.90731811523438;0.01373910903930664;0.48740649223327637;50.41605567932129;0.012163162231445312;1.2244501113891602;16.003563404083252;1.228273630142212;0.6088464260101318;0.004583597183227539;0.5571105480194092;7.351125955581665;1.4166290760040283;0.0;7.348188400268555;1.1587622165679932;0;-338.0;5;10;0;20;-41.0;49.0;-44;22;0.04665752380913665;105.93464679297605;0.02038215832059262;91.2978591148337
miblp_20_15_50_0110_10_1;-338.0;INGC+DC;False;False;True;787;69.44890904426575;64.19165086746216;8;0;5229;225;0;69.17098546028137;0.6740279197692871;0.005807161331176758;65.65302300453186;0.01587677001953125;0.40972042083740234;43.70725631713867;0.014119625091552734;1.0120396614074707;12.25609278678894;0.9844186305999756;0.5266323089599609;0.005809783935546875;0.46910595893859863;6.251950740814209;0;0.0;6.2495551109313965;0.9922969341278076;0;-338.0;5;10;0;20;-41.0;49.0;-44;22;0.04665752380913665;105.93464679297605;0.02038215832059262;91.2978591148337
miblp_20_15_50_0110_10_1;-338.0;INGC+DC;True;False;True;917;85.09944820404053;78.7913818359375;8;0;6153;270;10;84.79199767112732;0.8685929775238037;0.007258415222167969;79.06157851219177;0.013175725936889648;0.4899611473083496;51.26784586906433;0.012759923934936523;1.2261543273925781;16.10207724571228;1.264747142791748;0.6250045299530029;0.003942728042602539;0.5748891830444336;7.48102068901062;1.426374912261963;0.0;7.478200912475586;1.1701345443725586;0;-338.0;5;10;0;20;-41.0;49.0;-44;22;0.04665752380913665;105.93464679297605;0.02038215832059262;91.2978591148337
miblp_20_20_50_0110_5_13;-690.0;INGC;False;False;True;255800;467.3325629234314;467.3325629234314;0;46011;0;0;0;439.271776676178;161.78013396263123;5.935194253921509;146.86602306365967;0.014877080917358398;43.85191369056702;102.9992322921753;0;0;0;0;0;0;0;0;0;7.401697520190923e-05;0;0;0;-690.0510717128893;15;5;0;20;-48.0;49.0;-31;22;0.17784109984455582;24.107318433741582;-1.2676552037309427e-15;24.06681797293296
miblp_20_20_50_0110_5_13;-519.0;INGC+DC;False;False;True;111327;716.9431521892548;495.01889538764954;157;5156;171990;7776;0;703.1229832172394;49.03357744216919;1.1594269275665283;473.1062602996826;0.020108699798583984;14.413881301879883;41.712225675582886;0.020256757736206055;26.212116241455078;30.315173387527466;50.87307548522949;20.233224391937256;0.011429071426391602;31.58087158203125;257.7138977050781;0;0.0;257.6186492443085;35.69439244270325;0;-519.0;15;5;0;20;-48.0;49.0;-31;22;0.17784109984455582;24.107318433741582;-1.2676552037309427e-15;24.06681797293296
miblp_20_20_50_0110_5_13;-690.0;INGC;False;False;True;102020;829.4975190162659;829.4975190162659;0;82110;0;0;0;805.6666960716248;295.4343042373657;11.075195074081421;271.0346329212189;0.022849082946777344;80.47000408172607;190.54177975654602;0;0;0;0;0;0;0;0;0;0.0;0;0;0;-690.0;15;5;0;20;-48.0;49.0;-31;22;0.17784109984455582;24.107318433741582;-1.2676552037309427e-15;24.06681797293296
miblp_20_20_50_0110_5_13;-690.0;INGC;False;False;True;102020;825.9652714729309;825.9652714729309;0;82110;0;0;0;801.3248889446259;294.9349844455719;11.0305495262146;269.85552978515625;0.0186922550201416;80.18764042854309;189.64919710159302;0;0;0;0;0;0;0;0;0;0.0;0;0;0;-690.0;15;5;0;20;-48.0;49.0;-31;22;0.17784109984455582;24.107318433741582;-1.2676552037309427e-15;24.06681797293296
miblp_20_20_50_0110_5_13;aborted;INGC;False;False;True;1015;9.71208643913269;9.71208643913269;0;801;0;0;0;9.272012710571289;3.712149143218994;0.11738276481628418;2.925672769546509;0.020920276641845703;0.8660457134246826;2.0387067794799805;0;0;0;0;0;0;0;0;0;3.777997477897558;0;0;0;-726.2556166408066;15;5;0;20;-48.0;49.0;-31;22;0.17784109984455582;24.107318433741582;-1.2676552037309427e-15;24.06681797293296
miblp_20_20_50_0110_5_13;-690.0;INGC;False;False;True;102020;845.6304981708527;845.6304981708527;0;82110;0;0;0;822.003504037857;310.56114411354065;10.924476623535156;267.618857383728;0.01674485206604004;80.55694127082825;187.04517126083374;0;0;0;0;0;0;0;0;0;0.0;0;0;0;-690.0;15;5;0;20;-48.0;49.0;-31;22;0.17784109984455582;24.107318433741582;-1.2676552037309427e-15;24.06681797293296
miblp_20_20_50_0110_5_13;-690.0;INGC;False;False;True;102020;838.6755812168121;838.6755812168121;0;82110;0;0;0;815.373176574707;308.5888273715973;10.672152042388916;263.9245457649231;0.015217781066894531;79.91193509101868;183.99739289283752;0;0;0;0;0;0;0;0;0;0.0;0;0;0;-690.0;15;5;0;20;-48.0;49.0;-31;22;0.17784109984455582;24.107318433741582;-1.2676552037309427e-15;24.06681797293296
miblp_20_20_50_0110_5_13;-690.0;INGC;False;False;True;102020;871.380695104599;871.380695104599;0;82110;0;0;0;846.9855787754059;316.68776416778564;11.457194089889526;278.2711544036865;0.01703500747680664;83.49736976623535;194.75674962997437;0;0;0;0;0;0;0;0;0;0.0;0;0;0;-690.0;15;5;0;20;-48.0;49.0;-31;22;0.17784109984455582;24.107318433741582;-1.2676552037309427e-15;24.06681797293296
miblp_20_20_50_0110_5_13;-690.0;INGC;False;False;True;102020;899.1315658092499;899.1315658092499;0;82110;0;0;0;874.4600803852081;335.646790266037;11.583611011505127;279.7005364894867;0.01674938201904297;84.16080975532532;195.52297735214233;0;0;0;0;0;0;0;0;0;0.0;0;0;0;-690.0;15;5;0;20;-48.0;49.0;-31;22;0.17784109984455582;24.107318433741582;-1.2676552037309427e-15;24.06681797293296
miblp_20_20_50_0110_5_13;-690.0;INGC;False;False;True;102020;1018.2590465545654;1018.2590465545654;0;82110;0;0;0;989.0080223083496;361.79860639572144;13.796294450759888;333.4869623184204;0.011148691177368164;100.48976945877075;232.9860441684723;0;0;0;0;0;0;0;0;0;0.0;0;0;0;-690.0;15;5;0;20;-48.0;49.0;-31;22;0.17784109984455582;24.107318433741582;-1.2676552037309427e-15;24.06681797293296
miblp_20_20_50_0110_5_13;-636.0;INGC;False;False;True;104536;1044.2844042778015;1044.2844042778015;0;83652;0;0;0;1014.6178948879242;372.64331555366516;13.761053562164307;340.7701942920685;0.013586282730102539;102.83754706382751;237.91906094551086;0;0;0;0;0;0;0;0;0;0.0;0;0;0;-636.0;15;5;0;20;-48.0;49.0;-31;22;0.17784109984455582;24.107318433741582;-1.2676552037309427e-15;24.06681797293296
miblp_20_20_50_0110_5_13;Internal error: 'FeasibilityStatus' object is not callable;INGC;False;False;True;0;0.11852693557739258;0.11852693557739258;0;0;0;0;0;0;0;0;0.018572568893432617;0.018572568893432617;0;0;0;0;0;0;0;0;0;0;0;nan;0;0;0;nan;15;5;0;20;-48.0;49.0;-31;22;0.17784109984455582;24.107318433741582;-1.2676552037309427e-15;24.06681797293296
miblp_20_20_50_0110_5_13;aborted;INGC;False;False;True;682;7.993135213851929;7.993135213851929;0;557;0;0;0;7.698341369628906;3.0079357624053955;0.09837865829467773;2.438161849975586;0.01720714569091797;0.7236795425415039;1.697275161743164;0;0;0;0;0;0;0;0;0;3.777997477897558;0;0;0;-726.2556166408066;15;5;0;20;-48.0;49.0;-31;22;0.17784109984455582;24.107318433741582;-1.2676552037309427e-15;24.06681797293296
miblp_20_20_50_0110_5_13;Internal error: Model<docplex_model2> did not solve successfully;INGC;False;False;True;0;54.51058006286621;54.51058006286621;0;3816;0;0;0;53.08068370819092;21.24234652519226;0.6932179927825928;16.512317419052124;0.015186071395874023;4.949888229370117;11.547243118286133;0;0;0;0;0;0;0;0;0;nan;0;0;0;nan;15;5;0;20;-48.0;49.0;-31;22;0.17784109984455582;24.107318433741582;-1.2676552037309427e-15;24.06681797293296
miblp_20_20_50_0110_5_13;aborted;INGC;False;False;True;265;3.2385246753692627;3.2385246753692627;0;218;0;0;0;3.0619125366210938;1.2368922233581543;0.03932023048400879;0.9584040641784668;0.01530003547668457;0.2899892330169678;0.6531147956848145;0;0;0;0;0;0;0;0;0;3.777997477897558;0;0;0;-726.2556166408066;15;5;0;20;-48.0;49.0;-31;22;0.17784109984455582;24.107318433741582;-1.2676552037309427e-15;24.06681797293296
miblp_20_20_50_0110_5_13;-554.0;INGC;False;False;True;384038;3552.0474367141724;3552.0474367141724;0;284712;0;0;0;3442.3574969768524;1257.1818308830261;45.61578059196472;1154.9204823970795;0.01675558090209961;347.8956959247589;807.0080308914185;0;0;0;0;0;0;0;0;0;0.0;0;0;0;-554.0;15;5;0;20;-48.0;49.0;-31;22;0.17784109984455582;24.107318433741582;-1.2676552037309427e-15;24.06681797293296
miblp_20_20_50_0110_5_13;-519.0;INGC+DC;False;False;True;37328;811.4897742271423;525.4690592288971;73;7736;159537;7408;0;801.5419590473175;68.80085897445679;1.670346736907959;577.8084795475006;0.01539468765258789;19.971104621887207;61.12769389152527;0.014360427856445312;36.6745080947876;42.9287269115448;47.43409037590027;18.682863235473633;0.009981870651245117;29.715882778167725;321.23387265205383;0;0.0;321.12695050239563;35.10623550415039;0;-519.0;15;5;0;20;-48.0;49.0;-31;22;0.17784109984455582;24.107318433741582;-1.2676552037309427e-15;24.06681797293296
miblp_20_20_50_0110_5_13;-519.0;INGC+DC;False;False;True;36621;849.4848980903625;539.4300992488861;71;7257;167790;7778;0;839.7558991909027;68.85497736930847;1.640589714050293;609.2166337966919;0.02166748046875;19.829010725021362;59.84083008766174;0.018725872039794922;36.12452983856201;42.6166455745697;50.52520418167114;20.173004388809204;0.0069348812103271484;32.02867388725281;348.03140687942505;0;0.0;347.92421197891235;37.86941313743591;0;-519.0;15;5;0;20;-48.0;49.0;-31;22;0.17784109984455582;24.107318433741582;-1.2676552037309427e-15;24.06681797293296
miblp_20_20_50_0110_5_5;-392.0;INGC+DC;False;False;True;104;1.227935552597046;0.8137772083282471;6;1;315;2;0;1.0345702171325684;0.07220816612243652;0.0012912750244140625;0.8788049221038818;0.0230100154876709;0.02181720733642578;0.07049250602722168;0.0231020450592041;0.019801616668701172;0.03309917449951172;0.08200645446777344;0.0530705451965332;0.010790586471557617;0.05871152877807617;0.48290324211120605;0;0.0;0.48273229598999023;0.0685739517211914;0;-392.0;15;5;0;20;-44.0;46.0;-40;44;0.002392759462885195;63.793069585342266;0.04471949488992155;40.48298356125242
bmilplib_310_3;-182.0;INGC+DC;False;False;True;1470;83.22669196128845;64.64786839485168;2;0;1000;4;0;75.77230262756348;1.4009387493133545;0.006791114807128906;75.95195055007935;1.7509286403656006;14.093900442123413;0.1981654167175293;0.11674809455871582;20.71727204322815;0.14699220657348633;2.0926644802093506;0.181870698928833;0.22396183013916016;17.55190086364746;18.877545833587646;0;0.0;18.877320766448975;0.29849720001220703;0;-182.0;310;310;124;124;-50.0;50.0;-50;50;0.0006152411636762767;159.2082700784348;0.00019732074056323006;199.3581901385578
miblp_20_15_50_0110_10_1;Internal error: Model<docplex_model15362> did not solve successfully;INGC+DC;False;False;True;0;86.84283471107483;81.26930546760559;10;0;4515;189;0;86.06726622581482;0.6600136756896973;0.006894350051879883;72.02070355415344;0.06725525856018066;0.4364502429962158;50.17686438560486;0.06892943382263184;1.066493034362793;11.530957221984863;1.0647251605987549;0.5491840839385986;0.00559687614440918;0.49220871925354004;6.562039136886597;0;nan;6.5591700077056885;0.9856407642364502;0;nan;5;10;0;20;-41.0;49.0;-44;22;0.04665752380913665;105.93464679297605;0.02038215832059262;91.2978591148337
miblp_20_15_50_0110_10_1;Internal error: Model<docplex_model15564> did not solve successfully;INGC+DC;False;False;True;0;81.66836857795715;75.93258213996887;10;0;4515;189;0;80.91856622695923;0.6857061386108398;0.006957292556762695;73.81264567375183;0.036192893981933594;0.44216442108154297;51.408918619155884;0.03748369216918945;1.1183016300201416;11.838927268981934;1.0522422790527344;0.5759291648864746;0.0057332515716552734;0.513031005859375;6.783721446990967;0;nan;6.780749559402466;1.0449631214141846;0;nan;5;10;0;20;-41.0;49.0;-44;22;0.04665752380913665;105.93464679297605;0.02038215832059262;91.2978591148337
miblp_20_15_50_0110_10_1;Internal error: Model<docplex_model15766> did not solve successfully;INGC+DC;False;False;True;0;83.82206797599792;78.05226564407349;10;0;4515;189;0;83.06536769866943;0.6920740604400635;0.007864952087402344;76.00293803215027;0.033385515213012695;0.4552886486053467;53.25540900230408;0.034252166748046875;1.1289093494415283;12.072087526321411;1.0762465000152588;0.5866219997406006;0.008276700973510742;0.5168612003326416;6.835599422454834;0;nan;6.832647800445557;1.0628454685211182;0;nan;5;10;0;20;-41.0;49.0;-44;22;0.04665752380913665;105.93464679297605;0.02038215832059262;91.2978591148337
miblp_20_15_50_0110_10_1;Internal error: Model<docplex_model15968> did not solve successfully;INGC+DC;False;False;True;0;84.02813649177551;78.04312491416931;10;0;4515;189;0;83.26542401313782;0.7025418281555176;0.008262395858764648;76.13866066932678;0.035446882247924805;0.46144580841064453;52.919573068618774;0.0388798713684082;1.1573030948638916;12.141609191894531;1.115351676940918;0.6012649536132812;0.006197929382324219;0.5246500968933105;7.136938095092773;0;nan;7.116665363311768;1.1316537857055664;0;nan;5;10;0;20;-41.0;49.0;-44;22;0.04665752380913665;105.93464679297605;0.02038215832059262;91.2978591148337
miblp_20_15_50_0110_10_1;Internal error: Model<docplex_model16170> did not solve successfully;INGC+DC;False;False;True;0;82.85509848594666;77.07676482200623;10;0;4515;189;0;82.10511803627014;0.7635421752929688;0.008042335510253906;74.97321677207947;0.03481483459472656;0.4438614845275879;52.35753417015076;0.03433847427368164;1.1158063411712646;11.849186658859253;1.076911449432373;0.5846912860870361;0.008391141891479492;0.523918628692627;6.943762302398682;0;nan;6.922460079193115;1.1441264152526855;0;nan;5;10;0;20;-41.0;49.0;-44;22;0.04665752380913665;105.93464679297605;0.02038215832059262;91.2978591148337
miblp_20_15_50_0110_10_1;Internal error: Model<docplex_model3> did not solve successfully;INGC+DC;False;False;True;0;61.965054512023926;57.21985340118408;10;0;4515;189;0;61.392871141433716;0.5526797771453857;0.005580425262451172;58.907716035842896;0.012912511825561523;0.3598923683166504;40.76519989967346;0.011986494064331055;0.9208929538726807;9.257075071334839;0.9937827587127686;0.467423677444458;0.01724982261657715;0.4239201545715332;5.677380323410034;0;nan;5.664277076721191;0.9190759658813477;0;nan;5;10;0;20;-41.0;49.0;-44;22;0.04665752380913665;105.93464679297605;0.02038215832059262;91.2978591148337
miblp_20_15_50_0110_10_1;Internal error: Model<docplex_model207> did not solve successfully;INGC+DC;False;False;True;0;61.82819890975952;57.03638672828674;10;0;4515;189;0;61.24843502044678;0.5581374168395996;0.005742073059082031;58.46176505088806;0.0169069766998291;0.36070823669433594;40.29650092124939;0.015313386917114258;0.903670072555542;9.347919702529907;0.9127881526947021;0.4739716053009033;0.0061953067779541016;0.4287688732147217;5.699021816253662;0;nan;5.687344074249268;0.8955318927764893;0;nan;5;10;0;20;-41.0;49.0;-44;22;0.04665752380913665;105.93464679297605;0.02038215832059262;91.2978591148337
miblp_20_15_50_0110_10_1;Internal error: Model<docplex_model409> did not solve successfully;INGC+DC;False;False;True;0;65.05010628700256;60.00062370300293;10;0;4515;189;0;64.44836711883545;0.5919342041015625;0.00627446174621582;61.37597870826721;0.015832901000976562;0.3798086643218994;42.479886531829834;0.015363454818725586;0.9287879467010498;9.603656768798828;0.9450244903564453;0.5100300312042236;0.006142139434814453;0.4478800296783447;6.04356575012207;0;nan;6.030566930770874;0.9810843467712402;0;nan;5;10;0;20;-41.0;49.0;-44;22;0.04665752380913665;105.93464679297605;0.02038215832059262;91.2978591148337
miblp_20_15_50_0110_10_1;Internal error: Model<docplex_model611> did not solve successfully;INGC+DC;False;False;True;0;62.13343334197998;57.372398853302;10;0;4515;189;0;61.53794050216675;0.5533745288848877;0.0060346126556396484;58.555659770965576;0.016178607940673828;0.3613560199737549;40.46391153335571;0.015127897262573242;0.8875820636749268;9.288817644119263;0.8918299674987793;0.4899289608001709;0.008134603500366211;0.4473702907562256;5.68542218208313;0;nan;5.672833442687988;0.9117989540100098;0;nan;5;10;0;20;-41.0;49.0;-44;22;0.04665752380913665;105.93464679297605;0.02038215832059262;91.2978591148337
miblp_20_15_50_0110_10_1;-338.0;INGC+DC;False;False;True;687;72.66842579841614;67.03876566886902;21;0;5355;207;0;71.80201053619385;0.6527903079986572;0.008028268814086914;68.08338642120361;0.017180681228637695;0.40668749809265137;42.19791340827942;0.01654958724975586;1.0114316940307617;15.494238376617432;1.066673755645752;0.5900070667266846;0.005640506744384766;0.5116674900054932;6.765396356582642;0;0.0;6.75191855430603;1.1222584247589111;0;-337.99999999365934;5;10;0;20;-41.0;49.0;-44;22;0.04665752380913665;105.93464679297605;0.02038215832059262;91.2978591148337
miblp_20_15_50_0110_10_1;-338.0;INGC;False;False;True;3744;307.88662552833557;307.88662552833557;0;1445;0;0;0;305.32383012771606;4.1444361209869385;0.138671875;297.773455619812;0.016164064407348633;2.5007312297821045;295.25656032562256;0;0;0;0;0;0;0;0;0;0.0;0;0;0;-338.0;5;10;0;20;-41.0;49.0;-44;22;0.04665752380913665;105.93464679297605;0.02038215832059262;91.2978591148337
miblp_20_15_50_0110_10_1;-338.0;INGC+DC;False;False;True;687;73.44174289703369;67.82660579681396;21;0;5355;207;0;72.54839706420898;0.6839756965637207;0.007967710494995117;68.92408967018127;0.01863837242126465;0.4151170253753662;42.673638343811035;0.020063161849975586;0.9942114353179932;15.904517412185669;1.0803303718566895;0.6091325283050537;0.00915217399597168;0.5135385990142822;6.685750246047974;0;0.0;6.683277130126953;1.0681400299072266;0;-337.99999999365934;5;10;0;20;-41.0;49.0;-44;22;0.04665752380913665;105.93464679297605;0.02038215832059262;91.2978591148337
